Filename,strcat,malloc,cody,night,skip
image_1463849599.jpg,Y,,,,
image_1463849652.jpg,Y,,,,
image_1463849668.jpg,Y,,,,
image_1463849754.jpg,Y,Y,,,
image_1463849906.jpg,,,,,
image_1463849969.jpg,,Y,,,
image_1463850031.jpg,,Y,,,
image_1463850093.jpg,,Y,,,
image_1463850156.jpg,,Y,,,
image_1463850218.jpg,,Y,,,
image_1463850280.jpg,,,,,Y
image_1463850342.jpg,,Y,,,
image_1463850404.jpg,,Y,Y,,
image_1463850466.jpg,,,,,
image_1463850529.jpg,,,,,
image_1463850591.jpg,,,,,
image_1463850653.jpg,,,,,
image_1463850715.jpg,,,,,
image_1463850777.jpg,,,,,
image_1463850839.jpg,,,,,
image_1463850902.jpg,,,,,
image_1463850964.jpg,,,,,
image_1463851026.jpg,,,Y,,
image_1463851088.jpg,,,,,
image_1463851150.jpg,,,,,
image_1463851212.jpg,,,,,
image_1463851275.jpg,Y,Y,,,
image_1463851337.jpg,Y,Y,,,
image_1463851399.jpg,Y,Y,,,
image_1463851461.jpg,Y,,,,
image_1463851523.jpg,Y,,,,
image_1463851585.jpg,Y,,,,
image_1463851647.jpg,Y,,,,
image_1463851710.jpg,,,,,
image_1463851772.jpg,,,,,
image_1463851834.jpg,,,,,
image_1463851896.jpg,,,,,
image_1463851958.jpg,,,,,
image_1463852020.jpg,,,Y,,
image_1463852083.jpg,Y,,,,
image_1463852145.jpg,Y,,,,
image_1463852207.jpg,Y,,,,
image_1463852269.jpg,Y,,,,
image_1463852331.jpg,,,,,
image_1463852394.jpg,,,,,
image_1463852456.jpg,,,,,
image_1463852518.jpg,,,,,
image_1463852580.jpg,,,,,
image_1463852642.jpg,,,,,
image_1463852704.jpg,,,,,
image_1463852767.jpg,,,,,
image_1463852829.jpg,,,,,
image_1463852891.jpg,,,,,
image_1463852953.jpg,,,,,
image_1463853015.jpg,,,,,
image_1463853077.jpg,,,,,
image_1463853139.jpg,,,,,
image_1463853202.jpg,,,,,
image_1463853264.jpg,,,,,
image_1463853326.jpg,,,,,
image_1463853388.jpg,,,,,
image_1463853450.jpg,,,,,
image_1463853512.jpg,,,,,
image_1463853574.jpg,,,,,
image_1463853637.jpg,,,,,
image_1463853699.jpg,,,,,
image_1463853761.jpg,,,,,
image_1463853823.jpg,,,,,
image_1463853885.jpg,,,,,
image_1463853947.jpg,,,,,
image_1463930697.jpg,,,,,
image_1463930760.jpg,,,,,
image_1463930822.jpg,,,,,
image_1463930884.jpg,,,,,
image_1463930947.jpg,,,,,
image_1463931009.jpg,,,,,
image_1463931071.jpg,,,,,
image_1463952582.jpg,,,,,
image_1463952645.jpg,,,,,
image_1463952707.jpg,,,,,
image_1463952769.jpg,,,,,
image_1463952831.jpg,,,,,
image_1463952893.jpg,,,,,
image_1463952956.jpg,,,,,
image_1463953018.jpg,,,,,
image_1463953080.jpg,,,,,
image_1463953142.jpg,,,,,
image_1463953204.jpg,,,,,
image_1463953266.jpg,,,,,
image_1463953329.jpg,,,,,
image_1463953391.jpg,,,,,
image_1463953453.jpg,,,,,
image_1463953515.jpg,,,,,
image_1463953577.jpg,,,,,
image_1463953639.jpg,,,,,
image_1463953701.jpg,,,,,
image_1463956534.jpg,,,,,
image_1463956597.jpg,,,,,
image_1463956659.jpg,,,,,
image_1463956721.jpg,,,,,
image_1463956783.jpg,,,,,
image_1463956845.jpg,,,,,
image_1463956907.jpg,,,,,
image_1463956970.jpg,,,,,
image_1463957032.jpg,,,,,
image_1463957094.jpg,,,,,
image_1463957156.jpg,,,,,
image_1463957218.jpg,,,,,
image_1463957281.jpg,,,,,
image_1463957343.jpg,,,,,
image_1463957405.jpg,,,,,
image_1463957467.jpg,,,,,
image_1463957529.jpg,,,,,
image_1463957592.jpg,,,,,
image_1463957654.jpg,,,,,
image_1463957716.jpg,,,,,
image_1463957778.jpg,,,,,
image_1463957840.jpg,,,,,
image_1463957902.jpg,,,,,
image_1463957965.jpg,,,,,
image_1463958027.jpg,,,,,
image_1463958089.jpg,,,,,
image_1463958151.jpg,,,,,
image_1463958214.jpg,,,,,
image_1463958276.jpg,,,,,
image_1463958338.jpg,,,,,
image_1463958400.jpg,,,Y,,
image_1463958462.jpg,,,Y,,
image_1463958524.jpg,,,,,
image_1463958587.jpg,,,,,
image_1463958649.jpg,,,,,
image_1463958711.jpg,,,,,
image_1463958773.jpg,,,,,
image_1463958835.jpg,,,,,
image_1463958898.jpg,,,,,
image_1463958960.jpg,,,,,
image_1463959022.jpg,,,,,
image_1463959084.jpg,,,,,
image_1463959146.jpg,,,,,
image_1463959208.jpg,,,,,
image_1463959271.jpg,,,,,
image_1463959333.jpg,,,,,
image_1463959395.jpg,,,,,
image_1463959457.jpg,,,,,
image_1463959519.jpg,,,,,
image_1463959582.jpg,,,,,Y
image_1463959645.jpg,,,,,
image_1463959708.jpg,,,,,
image_1463959771.jpg,,,,,
image_1463959833.jpg,,,,,
image_1463959896.jpg,,,,,
image_1463959959.jpg,,,,,
image_1463960021.jpg,,,,,
image_1463960084.jpg,,,,,
image_1463960146.jpg,,,,,
image_1463960208.jpg,,,,,
image_1463960271.jpg,,,,,
image_1463960333.jpg,,,,,Y
image_1463960395.jpg,,,,,
image_1463960457.jpg,,,,,
image_1463960519.jpg,,,,,
image_1463960581.jpg,,,,,
image_1463960644.jpg,,,,,
image_1463960706.jpg,Y,,,,
image_1463960768.jpg,Y,,,,
image_1463960830.jpg,Y,,,,
image_1463960892.jpg,,,,,
image_1463960955.jpg,,,,,
image_1463961017.jpg,,,,,
image_1463961079.jpg,,,,,
image_1463961141.jpg,,,,,
image_1463961203.jpg,,,,,
image_1463961265.jpg,,,,,
image_1463961328.jpg,,,,,
image_1463961390.jpg,,,,,
image_1463961452.jpg,,,,,
image_1463961514.jpg,,,,,
image_1463961576.jpg,,,,,
image_1463961638.jpg,,,,,
image_1463961701.jpg,,,,,
image_1463961763.jpg,,,,,
image_1463961825.jpg,,,,,
image_1463961887.jpg,,,,,
image_1463961949.jpg,,,,,
image_1463962012.jpg,,,,,
image_1463962074.jpg,,,,,
image_1463962136.jpg,,,,,
image_1463962198.jpg,,,,,
image_1463962260.jpg,,,,,
image_1463962322.jpg,,,,,
image_1463962384.jpg,,,Y,,
image_1463962447.jpg,,,,,
image_1463962509.jpg,,,,,
image_1463962571.jpg,,,,,
image_1463962633.jpg,,,,,
image_1463962695.jpg,,,,,
image_1463962757.jpg,,,,,
image_1463962820.jpg,,,,,
image_1463962882.jpg,,,,,
image_1463962944.jpg,,,,,
image_1463963006.jpg,,,,,
image_1463963068.jpg,,,,,
image_1463963131.jpg,,,,,
image_1463963193.jpg,,,,,
image_1463963255.jpg,,,,,
image_1463963317.jpg,,,,,
image_1463963379.jpg,,,,,
image_1463963441.jpg,,,,,
image_1463963504.jpg,,,,,
image_1463963566.jpg,,,,,
image_1463963628.jpg,,,,,
image_1463963690.jpg,,,,,
image_1463963752.jpg,,,,,
image_1463963815.jpg,,,,,
image_1463963877.jpg,,,,,
image_1463963939.jpg,,,,,
image_1463964001.jpg,,,,,
image_1463964063.jpg,,,,,
image_1463964125.jpg,,,,,
image_1463964188.jpg,,,,,
image_1463964250.jpg,,,Y,,
image_1463964312.jpg,,,Y,,
image_1463964374.jpg,,,,,
image_1463964436.jpg,,,,,
image_1463964499.jpg,,,Y,,
image_1463964561.jpg,,,,,
image_1463964623.jpg,,,,,
image_1463964685.jpg,,,,,
image_1463964747.jpg,,,,,
image_1463964809.jpg,,,,,
image_1463964872.jpg,,,,,
image_1463964934.jpg,,,,,
image_1463964996.jpg,,,,,
image_1463965058.jpg,,,,,
image_1463965120.jpg,,,,,
image_1463965182.jpg,,,,,Y
image_1463965245.jpg,,,,,
image_1463965307.jpg,,,,,
image_1463965369.jpg,,,,,
image_1463965431.jpg,,,,,
image_1463965494.jpg,,,,,
image_1463965559.jpg,,,,,
image_1463965621.jpg,,,,,
image_1463965684.jpg,,,,,
image_1463965746.jpg,,,,,
image_1463965808.jpg,,,,,
image_1463965871.jpg,,,,,
image_1463965933.jpg,,,,,
image_1463965995.jpg,,,,,
image_1463966058.jpg,,,,,
image_1463966120.jpg,,,,,
image_1463966182.jpg,,,,,
image_1463966244.jpg,,,,,Y
image_1463966307.jpg,,,,,
image_1463966369.jpg,,,,,Y
image_1463966431.jpg,,,,,
image_1463966494.jpg,,,,,
image_1463966556.jpg,,,,,
image_1463966618.jpg,,,,,
image_1463966681.jpg,,,,,
image_1463966743.jpg,,,,,
image_1463966805.jpg,,,,,
image_1463966868.jpg,,,,,
image_1463966930.jpg,,,,,
image_1463966992.jpg,,,,,
image_1463967055.jpg,,,,,
image_1463967117.jpg,,,,,
image_1463967180.jpg,,,,,
image_1463967242.jpg,,,,,
image_1463967304.jpg,,,,,
image_1463967367.jpg,,,,,
image_1463967429.jpg,,,,,
image_1463967492.jpg,,,,,
image_1463967555.jpg,,,,,
image_1463967618.jpg,,,,,
image_1463967681.jpg,,,,,
image_1463967744.jpg,,,,,
image_1463967807.jpg,,,,,
image_1463967870.jpg,,,,,
image_1463967933.jpg,,,,,
image_1463967996.jpg,,,,,
image_1463968058.jpg,,,,,
image_1463968121.jpg,,,,,
image_1463968184.jpg,,,,,
image_1463968247.jpg,,,,,
image_1463968310.jpg,,,,,
image_1463968373.jpg,,,,,
image_1463968436.jpg,,,,,
image_1463968499.jpg,,,,,
image_1463968562.jpg,,,,,
image_1463968625.jpg,,,,,
image_1463968687.jpg,,,,,
image_1463968750.jpg,,,,,
image_1463968813.jpg,,,,,
image_1463968876.jpg,,,,,
image_1463968939.jpg,,,,,Y
image_1463969002.jpg,,,,,
image_1463969065.jpg,,,,,
image_1463969128.jpg,,,,,
image_1463969191.jpg,,,Y,,
image_1463969254.jpg,,,,,
image_1463969317.jpg,,,,,
image_1463969380.jpg,,,,,
image_1463969443.jpg,,,,,
image_1463969506.jpg,,,,,
image_1463969569.jpg,,,,,
image_1463969632.jpg,,,,,
image_1463969694.jpg,,,,,
image_1463969757.jpg,,,,,
image_1463969820.jpg,,,,,
image_1463969883.jpg,,,,,
image_1463969946.jpg,,,,,
image_1463970009.jpg,,,,,
image_1463970072.jpg,,,,,
image_1463970135.jpg,Y,,,,
image_1463970198.jpg,Y,Y,,,
image_1463970261.jpg,Y,Y,,,
image_1463970324.jpg,Y,Y,,,
image_1463970387.jpg,,Y,,,
image_1463970613.jpg,Y,,,,
image_1463970642.jpg,Y,,,,
image_1463970706.jpg,Y,,,,
image_1463970769.jpg,Y,,,,
image_1463970832.jpg,Y,,,,
image_1463970895.jpg,Y,,,,
image_1463970958.jpg,,,,,
image_1463979565.jpg,Y,,,,
image_1463979634.jpg,,,,,
image_1463979702.jpg,,,,,
image_1463979765.jpg,,,,,
image_1463979828.jpg,,,,,
image_1463979891.jpg,,,,,
image_1463979954.jpg,,,Y,,
image_1463980017.jpg,,,Y,,
image_1463980080.jpg,,,Y,,
image_1463980143.jpg,,,Y,,
image_1463980205.jpg,,,Y,,
image_1463980268.jpg,,,,,
image_1463980331.jpg,,,,,
image_1463980394.jpg,,,,,
image_1463980457.jpg,,,,,
image_1463980520.jpg,,,,,
image_1463980583.jpg,,,,,
image_1463980646.jpg,,,,,
image_1463980709.jpg,,,,,
image_1463980772.jpg,,,,,
image_1463980835.jpg,,,,,
image_1463980898.jpg,,,,,
image_1463980960.jpg,,,,,
image_1463981023.jpg,,,,,
image_1463981086.jpg,,,,,
image_1463981149.jpg,,,,,
image_1463981212.jpg,,,,,
image_1463981275.jpg,,,,,
image_1463981338.jpg,,,,,
image_1463981401.jpg,,,,,
image_1463981464.jpg,,,,,
image_1463981527.jpg,,,,,
image_1463981589.jpg,,,,,
image_1463981652.jpg,,,,,
image_1463981715.jpg,,,,,
image_1463981778.jpg,,,,,
image_1463981841.jpg,,,,,
image_1463981904.jpg,,,,,
image_1463981967.jpg,,,,,
image_1463982030.jpg,,,,,
image_1463982093.jpg,,,,Y,
image_1463982155.jpg,,,,Y,
image_1463982218.jpg,,,,Y,
image_1463982281.jpg,,,,Y,
image_1463982344.jpg,,,,Y,
image_1463982407.jpg,,,,Y,
image_1463982469.jpg,,,,Y,
image_1463982532.jpg,,,,Y,
image_1463982595.jpg,,,,Y,
image_1463982658.jpg,,,,Y,
image_1463982720.jpg,,,,Y,
image_1463982783.jpg,,,,Y,
image_1463982846.jpg,,,,Y,
image_1463982909.jpg,,,,Y,
image_1463982971.jpg,,,,Y,
image_1463983034.jpg,,,,Y,
image_1463983097.jpg,,,,Y,
image_1463983160.jpg,,,,Y,
image_1463983222.jpg,,,,Y,
image_1463983285.jpg,,,,Y,
image_1463983348.jpg,,,,Y,
image_1463983411.jpg,,,,Y,
image_1463983473.jpg,,,,Y,
image_1463983536.jpg,,,,Y,
image_1463983599.jpg,,,,Y,
image_1463983662.jpg,,,,Y,
image_1463983724.jpg,,,,Y,
image_1463983787.jpg,,,,Y,
image_1463983850.jpg,,,,Y,
image_1463983913.jpg,,,,Y,
image_1463983975.jpg,,,,Y,
image_1463984038.jpg,,,,Y,
image_1463984101.jpg,,,,Y,
image_1463984164.jpg,,,,Y,
image_1463984226.jpg,,,,Y,
image_1463984289.jpg,,,,Y,
image_1463984352.jpg,,,,Y,
image_1463984415.jpg,,,,Y,
image_1463984477.jpg,,,,Y,
image_1463984540.jpg,,,,Y,
image_1463984603.jpg,,,,Y,
image_1463984666.jpg,,,,Y,
image_1463984728.jpg,,,,Y,
image_1463984791.jpg,,,,Y,
image_1463984854.jpg,,,,Y,
image_1463984917.jpg,,,,Y,
image_1463984979.jpg,,,,Y,
image_1463985042.jpg,,,,Y,
image_1463985105.jpg,,,,Y,
image_1463985168.jpg,,,,Y,
image_1463985230.jpg,,,,Y,
image_1463985293.jpg,,,,Y,
image_1463985356.jpg,,,,Y,
image_1463985419.jpg,,,,Y,
image_1463985481.jpg,,,,Y,
image_1463985544.jpg,,,,Y,
image_1463985607.jpg,,,,Y,
image_1463985670.jpg,,,,Y,
image_1463985732.jpg,,,,Y,
image_1463985795.jpg,,,,Y,
image_1463985858.jpg,,,,Y,
image_1463985921.jpg,,,,Y,
image_1463985983.jpg,,,,Y,
image_1463986046.jpg,,,,Y,
image_1463986109.jpg,,,,Y,
image_1463986172.jpg,,,,Y,
image_1463986234.jpg,,,,Y,
image_1463986297.jpg,,,,Y,
image_1463986360.jpg,,,,Y,
image_1463986423.jpg,,,,Y,
image_1463986485.jpg,,,,Y,
image_1463986548.jpg,,,,Y,
image_1463986611.jpg,,,,Y,
image_1463986674.jpg,,,,Y,
image_1463986736.jpg,,,,Y,
image_1463986799.jpg,,,,Y,
image_1463986862.jpg,,,,Y,
image_1463986925.jpg,,,,Y,
image_1463986987.jpg,,,,Y,
image_1463987050.jpg,,,,Y,
image_1463987113.jpg,,,,Y,
image_1463987176.jpg,,,,Y,
image_1463987238.jpg,,,,Y,
image_1463987301.jpg,,,,Y,
image_1463987364.jpg,,,,Y,
image_1463987427.jpg,,,,Y,
image_1463987489.jpg,,,,Y,
image_1463987552.jpg,,,,Y,
image_1463987615.jpg,,,,Y,
image_1463987678.jpg,,,,Y,
image_1463987740.jpg,,,,Y,
image_1463987803.jpg,,,,Y,
image_1463987866.jpg,,,,Y,
image_1463987929.jpg,,,,Y,
image_1463987991.jpg,,,,Y,
image_1463988054.jpg,,,,Y,
image_1463988118.jpg,,,,Y,
image_1463988181.jpg,,,,Y,
image_1463988243.jpg,,,,Y,
image_1463988306.jpg,,,,Y,
image_1463988369.jpg,,,,Y,
image_1463988432.jpg,,,,Y,
image_1463988494.jpg,,,,Y,
image_1463988557.jpg,,,,Y,
image_1463988620.jpg,,,,Y,
image_1463988683.jpg,,,,Y,
image_1463988745.jpg,,,,Y,
image_1463988808.jpg,,,,Y,
image_1463988871.jpg,,,,Y,
image_1463988934.jpg,,,,Y,
image_1463988996.jpg,,,,Y,
image_1463989059.jpg,,,,Y,
image_1463989122.jpg,,,,Y,
image_1463989185.jpg,,,,Y,
image_1463989247.jpg,,,,Y,
image_1463989310.jpg,,,,Y,
image_1463989373.jpg,,,,Y,
image_1463989436.jpg,,,,Y,
image_1463989498.jpg,,,,Y,
image_1463989561.jpg,,,,Y,
image_1463989624.jpg,,,,Y,
image_1463989687.jpg,,,,Y,
image_1463989749.jpg,,,,Y,
image_1463989812.jpg,,,,Y,
image_1463989875.jpg,,,,Y,
image_1463989938.jpg,,,,Y,
image_1463990000.jpg,,,,Y,
image_1463990063.jpg,,,,Y,
image_1463990126.jpg,,,,Y,
image_1463990189.jpg,,,,Y,
image_1463990251.jpg,,,,Y,
image_1463990314.jpg,,,,Y,
image_1463990377.jpg,,,,Y,
image_1463990440.jpg,,,,Y,
image_1463990502.jpg,,,,Y,
image_1463990565.jpg,,,,Y,
image_1463990628.jpg,,,,Y,
image_1463990691.jpg,,,,Y,
image_1463990753.jpg,,,,Y,
image_1463990816.jpg,,,,Y,
image_1463990879.jpg,,,,Y,
image_1463990942.jpg,,,,Y,
image_1463991004.jpg,,,,Y,
image_1463991067.jpg,,,,Y,
image_1463991130.jpg,,,,Y,
image_1463991194.jpg,,,,Y,
image_1463991257.jpg,,,,Y,
image_1463991319.jpg,,,,Y,
image_1463991382.jpg,,,,Y,
image_1463991445.jpg,,,,Y,
image_1463991508.jpg,,,,Y,
image_1463991570.jpg,,,,Y,
image_1463991633.jpg,,,,Y,
image_1463991696.jpg,,,,Y,
image_1463991759.jpg,,,,Y,
image_1463991822.jpg,,,,Y,
image_1463991884.jpg,,,,Y,
image_1463991947.jpg,,,,Y,
image_1463992010.jpg,,,,Y,
image_1463992073.jpg,,,,Y,
image_1463992135.jpg,,,,Y,
image_1463992198.jpg,,,,Y,
image_1463992261.jpg,,,,Y,
image_1463992324.jpg,,,,Y,
image_1463992387.jpg,,,,Y,
image_1463992449.jpg,,,,Y,
image_1463992512.jpg,,,,Y,
image_1463992575.jpg,,,,Y,
image_1463992638.jpg,,,,Y,
image_1463992700.jpg,,,,Y,
image_1463992763.jpg,,,,Y,
image_1463992826.jpg,,,,Y,
image_1463992889.jpg,,,,Y,
image_1463992951.jpg,,,,Y,
image_1463993014.jpg,,,,Y,
image_1463993077.jpg,,,,Y,
image_1463993140.jpg,,,,Y,
image_1463993202.jpg,,,,Y,
image_1463993265.jpg,,,,Y,
image_1463993328.jpg,,,,Y,
image_1463993391.jpg,,,,Y,
image_1463993453.jpg,,,,Y,
image_1463993516.jpg,,,,Y,
image_1463993579.jpg,,,,Y,
image_1463993642.jpg,,,,Y,
image_1463993704.jpg,,,,Y,
image_1463993767.jpg,,,,Y,
image_1463993830.jpg,,,,Y,
image_1463993893.jpg,,,,Y,
image_1463993955.jpg,,,,Y,
image_1463994018.jpg,,,,Y,
image_1463994081.jpg,,,,Y,
image_1463994144.jpg,,,,Y,
image_1463994206.jpg,,,,Y,
image_1463994269.jpg,,,,Y,
image_1463994332.jpg,,,,Y,
image_1463994395.jpg,,,,Y,
image_1463994457.jpg,,,,Y,
image_1463994520.jpg,,,,Y,
image_1463994583.jpg,,,,Y,
image_1463994646.jpg,,,,Y,
image_1463994708.jpg,,,,Y,
image_1463994771.jpg,,,,Y,
image_1463994834.jpg,,,,Y,
image_1463994897.jpg,,,,Y,
image_1463994959.jpg,,,,Y,
image_1463995022.jpg,,,,Y,
image_1463995085.jpg,,,,Y,
image_1463995148.jpg,,,,Y,
image_1463995210.jpg,,,,Y,
image_1463995273.jpg,,,,Y,
image_1463995336.jpg,,,,Y,
image_1463995399.jpg,,,,Y,
image_1463995462.jpg,,,,Y,
image_1463995524.jpg,,,,Y,
image_1463995587.jpg,,,,Y,
image_1463995650.jpg,,,,Y,
image_1463995713.jpg,,,,Y,
image_1463995775.jpg,,,,Y,
image_1463995838.jpg,,,,Y,
image_1463995901.jpg,,,,Y,
image_1463995964.jpg,,,,Y,
image_1463996026.jpg,,,,Y,
image_1463996089.jpg,,,,Y,
image_1463996152.jpg,,,,Y,
image_1463996215.jpg,,,,Y,
image_1463996278.jpg,,,,Y,
image_1463996340.jpg,,,,Y,
image_1463996403.jpg,,,,Y,
image_1463996466.jpg,,,,Y,
image_1463996528.jpg,,,,Y,
image_1463996591.jpg,,,,Y,
image_1463996654.jpg,,,,Y,
image_1463996717.jpg,,,,Y,
image_1463996779.jpg,,,,Y,
image_1463996842.jpg,,,,Y,
image_1463996905.jpg,,,,Y,
image_1463996968.jpg,,,,Y,
image_1463997031.jpg,,,,Y,
image_1463997093.jpg,,,,Y,
image_1463997156.jpg,,,,Y,
image_1463997219.jpg,,,,Y,
image_1463997282.jpg,,,,Y,
image_1463997344.jpg,,,,Y,
image_1463997407.jpg,,,,Y,
image_1463997470.jpg,,,,Y,
image_1463997533.jpg,,,,Y,
image_1463997595.jpg,,,,Y,
image_1463997658.jpg,,,,Y,
image_1463997721.jpg,,,,Y,
image_1463997784.jpg,,,,Y,
image_1463997847.jpg,,,,Y,
image_1463997910.jpg,,,,Y,
image_1463997972.jpg,,,,Y,
image_1463998035.jpg,,,,Y,
image_1463998098.jpg,,,,Y,
image_1463998161.jpg,,,,Y,
image_1463998223.jpg,,,,Y,
image_1463998286.jpg,,,,Y,
image_1463998349.jpg,,,,Y,
image_1463998412.jpg,,,,Y,
image_1463998474.jpg,,,,Y,
image_1463998537.jpg,,,,Y,
image_1463998600.jpg,,,,Y,
image_1463998663.jpg,,,,Y,
image_1463998725.jpg,,,,Y,
image_1463998788.jpg,,,,Y,
image_1463998851.jpg,,,,Y,
image_1463998914.jpg,,,,Y,
image_1463998976.jpg,,,,Y,
image_1463999039.jpg,,,,Y,
image_1463999102.jpg,,,,Y,
image_1463999165.jpg,,,,Y,
image_1463999227.jpg,,,,Y,
image_1463999290.jpg,,,,Y,
image_1463999353.jpg,,,,Y,
image_1463999416.jpg,,,,Y,
image_1463999478.jpg,,,,Y,
image_1463999541.jpg,,,,Y,
image_1463999604.jpg,,,,Y,
image_1463999667.jpg,,,,Y,
image_1463999730.jpg,,,,Y,
image_1463999792.jpg,,,,Y,
image_1463999855.jpg,,,,Y,
image_1463999918.jpg,,,,Y,
image_1463999980.jpg,,,,Y,
image_1464000043.jpg,,,,Y,
image_1464000106.jpg,,,,Y,
image_1464000169.jpg,,,,Y,
image_1464000232.jpg,,,,Y,
image_1464000294.jpg,,,,Y,
image_1464000357.jpg,,,,Y,
image_1464000420.jpg,,,,Y,
image_1464000483.jpg,,,,Y,
image_1464000545.jpg,,,,Y,
image_1464000608.jpg,,,,Y,
image_1464000671.jpg,,,,Y,
image_1464000734.jpg,,,,Y,
image_1464000796.jpg,,,,Y,
image_1464000859.jpg,,,,Y,
image_1464000922.jpg,,,,Y,
image_1464000985.jpg,,,,Y,
image_1464001047.jpg,,,,Y,
image_1464001110.jpg,,,,Y,
image_1464001173.jpg,,,,Y,
image_1464001236.jpg,,,,Y,
image_1464001298.jpg,,,,Y,
image_1464001361.jpg,,,,Y,
image_1464001424.jpg,,,,Y,
image_1464001487.jpg,,,,Y,
image_1464001549.jpg,,,,Y,
image_1464001612.jpg,,,,Y,
image_1464001675.jpg,,,,Y,
image_1464001738.jpg,,,,Y,
image_1464001801.jpg,,,,Y,
image_1464001863.jpg,,,,Y,
image_1464001926.jpg,,,,Y,
image_1464001989.jpg,,,,Y,
image_1464002052.jpg,,,,Y,
image_1464002115.jpg,,,,Y,
image_1464002179.jpg,,,,Y,
image_1464002242.jpg,,,,Y,
image_1464002304.jpg,,,,Y,
image_1464002367.jpg,,,,Y,
image_1464002430.jpg,,,,Y,
image_1464002493.jpg,,,,Y,
image_1464002556.jpg,,,,Y,
image_1464002619.jpg,,,,Y,
image_1464002681.jpg,Y,,,,
image_1464002744.jpg,,,,,
image_1464002807.jpg,,,,,
image_1464002870.jpg,,,,,
image_1464002933.jpg,,,,,
image_1464002996.jpg,,,,,
image_1464003059.jpg,Y,,,,
image_1464003122.jpg,Y,,,,
image_1464003185.jpg,,,,,
image_1464003247.jpg,,,,,
image_1464003310.jpg,,,,,
image_1464003373.jpg,Y,,,,
image_1464003436.jpg,Y,,,,
image_1464003499.jpg,Y,,,,
image_1464003562.jpg,,,,,
image_1464003625.jpg,,,,,
image_1464003688.jpg,,,,,
image_1464003751.jpg,Y,,,,
image_1464003814.jpg,Y,,,,
image_1464003877.jpg,,,,,
image_1464003939.jpg,,,,,
image_1464004002.jpg,,,,,
image_1464004065.jpg,,,,,
image_1464004128.jpg,,,,,
image_1464004191.jpg,,,,,
image_1464004254.jpg,,,,,
image_1464004317.jpg,,,,,
image_1464004380.jpg,,,,,
image_1464004443.jpg,,Y,,,
image_1464004506.jpg,,Y,,,
image_1464004568.jpg,,Y,,,
image_1464004631.jpg,,Y,,,
image_1464004694.jpg,,,,,
image_1464004757.jpg,,,,,
image_1464004820.jpg,,,,,
image_1464004883.jpg,,,,,
image_1464004946.jpg,,,,,
image_1464005009.jpg,,,,,
image_1464005072.jpg,,,,,
image_1464005135.jpg,,,,,
image_1464005198.jpg,,,,,
image_1464005261.jpg,,,,,
image_1464005324.jpg,,,,,
image_1464005387.jpg,,,,,
image_1464005449.jpg,,,,,
image_1464005512.jpg,,,,,
image_1464005575.jpg,,,,,
image_1464005638.jpg,,,,,
image_1464005701.jpg,,,,,
image_1464005764.jpg,,,,,
image_1464005827.jpg,,,,,
image_1464005890.jpg,,,,,
image_1464005953.jpg,,,,,
image_1464006016.jpg,,,,,
image_1464006078.jpg,,,,,
image_1464006141.jpg,,,,,
image_1464006204.jpg,,,,,
image_1464006267.jpg,,,,,
image_1464006329.jpg,,,,,
image_1464006391.jpg,,,,,
image_1464006454.jpg,,,,,
image_1464006516.jpg,,,,,
image_1464006579.jpg,,,,,
image_1464006641.jpg,Y,,,,
image_1464006704.jpg,Y,,,,
image_1464006766.jpg,,,,,
image_1464006829.jpg,,,,,
image_1464006891.jpg,,,,,
image_1464006953.jpg,,,,,
image_1464007015.jpg,,,,,
image_1464007077.jpg,,,,,
image_1464007140.jpg,,,,,
image_1464007202.jpg,,,,,Y
image_1464007264.jpg,Y,,,,
image_1464007326.jpg,,,,,
image_1464007388.jpg,,,,,
image_1464007451.jpg,,,,,
image_1464007513.jpg,,,,,
image_1464007575.jpg,,,,,
image_1464007637.jpg,,,,,
image_1464007699.jpg,,,,,
image_1464007762.jpg,,,Y,,
image_1464007824.jpg,,,,,
image_1464007886.jpg,,,,,
image_1464007948.jpg,,,,,
image_1464008010.jpg,,,,,
image_1464008073.jpg,,,,,
image_1464008135.jpg,,,,,
image_1464008197.jpg,,,Y,,
image_1464008259.jpg,,,Y,,
image_1464008321.jpg,Y,,,,
image_1464008384.jpg,Y,,,,
image_1464008446.jpg,Y,,,,
image_1464008508.jpg,,,,,
image_1464008570.jpg,,,,,
image_1464008632.jpg,,,,,
image_1464008695.jpg,,,,,
image_1464008757.jpg,,,,,Y
image_1464008819.jpg,Y,,,,
image_1464008881.jpg,,,,,
image_1464008943.jpg,,,,,
image_1464009005.jpg,,,,,
image_1464009068.jpg,,,,,
image_1464009130.jpg,,,,,
image_1464009192.jpg,,,,,
image_1464009254.jpg,,,,,
image_1464009316.jpg,,,,,
image_1464009379.jpg,,,,,
image_1464009441.jpg,,,,,
image_1464009503.jpg,,,,,
image_1464009565.jpg,,,,,
image_1464009627.jpg,,,,,
image_1464009689.jpg,,,,,
image_1464009752.jpg,,,,,
image_1464009814.jpg,,,,,
image_1464009876.jpg,,,,,
image_1464009938.jpg,,,,,
image_1464010000.jpg,,,,,
image_1464010062.jpg,,,,,
image_1464010125.jpg,,,,,
image_1464010187.jpg,,,,,
image_1464010249.jpg,,,,,
image_1464010311.jpg,,,,,
image_1464010373.jpg,,,,,
image_1464010436.jpg,,,,,
image_1464010498.jpg,,,,,
image_1464010560.jpg,,,,,
image_1464010622.jpg,,,,,
image_1464010684.jpg,,,,,
image_1464010746.jpg,,,,,
image_1464010809.jpg,,,,,
image_1464010871.jpg,,,,,
image_1464010933.jpg,,,,,
image_1464010995.jpg,,,,,
image_1464011057.jpg,,,,,
image_1464011119.jpg,,,,,
image_1464011182.jpg,,,,,
image_1464011244.jpg,,,,,
image_1464011306.jpg,,,,,
image_1464011368.jpg,,,,,
image_1464011430.jpg,,,,,
image_1464011493.jpg,,,,,
image_1464011555.jpg,,,,,
image_1464011617.jpg,,,,,
image_1464011679.jpg,,,,,
image_1464011741.jpg,,,,,
image_1464011803.jpg,,,,,
image_1464011866.jpg,,,,,
image_1464011928.jpg,,,,,
image_1464011990.jpg,,,,,
image_1464012052.jpg,,,,,
image_1464012114.jpg,,,,,
image_1464012177.jpg,,,,,
image_1464012239.jpg,,Y,,,
image_1464012301.jpg,,Y,,,
image_1464012363.jpg,,Y,,,
image_1464012425.jpg,,,,,
image_1464012487.jpg,,,,,
image_1464012550.jpg,,,,,
image_1464012612.jpg,,,,,
image_1464012674.jpg,,,,,
image_1464012736.jpg,,,,,
image_1464012798.jpg,,,,,
image_1464012860.jpg,,,,,
image_1464012923.jpg,,,,,Y
image_1464012985.jpg,,,,,Y
image_1464013047.jpg,,,,,
image_1464013109.jpg,,,,,
image_1464013171.jpg,,,,,
image_1464013233.jpg,,,,,
image_1464013296.jpg,,,,,
image_1464013358.jpg,,,,,
image_1464013420.jpg,,,,,
image_1464013482.jpg,,,,,
image_1464013544.jpg,,,,,
image_1464013606.jpg,,,,,
image_1464013669.jpg,,,,,
image_1464013731.jpg,,,,,
image_1464013793.jpg,,,,,
image_1464013855.jpg,,,,,
image_1464013918.jpg,,,,,
image_1464013980.jpg,,,,,
image_1464014042.jpg,,,,,
image_1464014104.jpg,,,,,
image_1464014166.jpg,,,,,
image_1464014228.jpg,,,,,
image_1464014291.jpg,,,,,
image_1464014353.jpg,,,,,
image_1464014415.jpg,,,,,
image_1464014477.jpg,,,,,
image_1464014539.jpg,Y,,,,
image_1464014602.jpg,,,,,
image_1464014664.jpg,,,,,
image_1464014726.jpg,,,,,
image_1464014788.jpg,,,,,
image_1464014850.jpg,,,,,
image_1464014912.jpg,,,,,
image_1464014975.jpg,,,,,
image_1464015037.jpg,,,,,
image_1464015099.jpg,,,,,
image_1464015161.jpg,,,,,
image_1464015223.jpg,,,,,
image_1464015286.jpg,,,,,
image_1464015348.jpg,Y,,,,
image_1464015410.jpg,,,,,
image_1464015472.jpg,,,,,
image_1464015534.jpg,,,,,
image_1464015596.jpg,,,,,
image_1464015658.jpg,,,,,
image_1464015721.jpg,,,,,
image_1464015783.jpg,,,,,
image_1464015845.jpg,,,,,
image_1464015907.jpg,,,,,
image_1464015969.jpg,,,,,
image_1464016031.jpg,,,,,
image_1464016094.jpg,,,,,
image_1464016156.jpg,,,,,
image_1464016218.jpg,,,,,
image_1464016280.jpg,,,,,
image_1464016342.jpg,,,,,
image_1464016404.jpg,,,,,
image_1464016467.jpg,Y,,,,
image_1464016529.jpg,Y,,,,
image_1464016591.jpg,Y,,Y,,
image_1464016653.jpg,Y,,,,
image_1464016715.jpg,,,,,Y
image_1464016777.jpg,Y,,,,
image_1464016840.jpg,Y,,,,
image_1464016902.jpg,Y,,,,
image_1464016964.jpg,Y,,,,
image_1464017026.jpg,,,Y,,
image_1464017088.jpg,,,,,
image_1464017150.jpg,,,,,
image_1464017213.jpg,,,,,
image_1464017275.jpg,Y,,,,
image_1464017337.jpg,Y,,,,
image_1464017399.jpg,Y,,,,
image_1464017461.jpg,Y,,,,
image_1464017523.jpg,Y,,,,
image_1464017586.jpg,,,,,Y
image_1464017648.jpg,,,,,
image_1464017711.jpg,Y,,,,
image_1464017773.jpg,,,,,
image_1464017835.jpg,,,,,
image_1464017897.jpg,,,,,
image_1464017959.jpg,,,,,
image_1464018022.jpg,,,,,
image_1464018084.jpg,,,,,
image_1464018146.jpg,,,,,
image_1464018208.jpg,,,,,
image_1464018270.jpg,,,,,
image_1464018332.jpg,,,,,
image_1464018395.jpg,,,,,
image_1464018457.jpg,,,,,
image_1464018519.jpg,,,,,
image_1464018581.jpg,,,,,
image_1464018643.jpg,,,,,
image_1464018705.jpg,,,,,
image_1464018768.jpg,,,,,
image_1464018830.jpg,,,,,
image_1464018892.jpg,,,,,
image_1464018954.jpg,,,,,
image_1464019016.jpg,,,,,
image_1464019078.jpg,,,,,
image_1464019140.jpg,,,,,
image_1464019203.jpg,,,,,
image_1464019265.jpg,,,,,
image_1464019327.jpg,,,,,
image_1464019389.jpg,,,,,
image_1464019451.jpg,,,,,
image_1464019513.jpg,,,,,
image_1464019576.jpg,,,,,
image_1464019638.jpg,,,,,
image_1464019700.jpg,,,,,
image_1464019762.jpg,,,,,
image_1464019824.jpg,,,,,
image_1464019886.jpg,,,,,
image_1464019948.jpg,,,,,
image_1464020011.jpg,,,,,
image_1464020073.jpg,,,,,
image_1464020135.jpg,,,,,
image_1464020197.jpg,,,,,
image_1464020259.jpg,,,,,
image_1464020321.jpg,,,,,
image_1464020383.jpg,,,,,
image_1464020446.jpg,,,,,
image_1464020508.jpg,,,,,
image_1464020570.jpg,,,,,
image_1464020632.jpg,,,,,
image_1464020694.jpg,,,,,
image_1464020757.jpg,,,,,
image_1464020819.jpg,,,,,
image_1464020881.jpg,,,,,
image_1464020943.jpg,,,,,
image_1464021005.jpg,,,,,
image_1464021067.jpg,,,,,
image_1464021129.jpg,,,,,
image_1464021192.jpg,,,,,
image_1464021254.jpg,,,,,
image_1464021316.jpg,,,,,
image_1464021378.jpg,,,,,
image_1464021440.jpg,,,,,
image_1464021502.jpg,,,,,
image_1464021565.jpg,,Y,,,
image_1464021627.jpg,,Y,,,
image_1464021689.jpg,,Y,,,
image_1464021751.jpg,,Y,,,
image_1464021813.jpg,,Y,,,
image_1464021875.jpg,,Y,,,
image_1464021938.jpg,,Y,,,
image_1464022000.jpg,,Y,,,
image_1464022062.jpg,,Y,,,
image_1464022124.jpg,,Y,,,
image_1464022186.jpg,,Y,,,
image_1464022248.jpg,,,,,
image_1464022310.jpg,,,,,
image_1464022373.jpg,,,,,
image_1464022435.jpg,,,,,
image_1464022497.jpg,,,,,
image_1464022559.jpg,,,,,
image_1464022621.jpg,,,,,
image_1464022683.jpg,,,,,
image_1464022746.jpg,,,,,
image_1464022808.jpg,,,,,
image_1464022870.jpg,,,,,
image_1464022932.jpg,,,,,
image_1464022994.jpg,,,,,
image_1464023056.jpg,,,,,
image_1464023118.jpg,,,,,
image_1464023181.jpg,,,,,
image_1464023243.jpg,,,,,
image_1464023305.jpg,,,,,
image_1464023367.jpg,,,,,
image_1464023429.jpg,,,,,
image_1464023491.jpg,,,,,
image_1464023553.jpg,,,,,
image_1464023616.jpg,,,,,
image_1464023678.jpg,,,,,
image_1464023740.jpg,,,,,
image_1464023802.jpg,,,,,
image_1464023864.jpg,,,,,
image_1464023926.jpg,,,,,
image_1464023988.jpg,,,,,
image_1464024051.jpg,,,,,
image_1464024113.jpg,,,,,
image_1464024175.jpg,,,,,
image_1464024237.jpg,,,,,
image_1464024299.jpg,,,,,
image_1464024361.jpg,,,,,
image_1464024423.jpg,,,,,
image_1464024486.jpg,,,,,
image_1464024548.jpg,,,,,
image_1464024610.jpg,,,,,
image_1464024672.jpg,,,Y,,
image_1464024734.jpg,,,,,
image_1464024796.jpg,,,Y,,
image_1464024859.jpg,,,,,
image_1464024921.jpg,Y,,,,
image_1464024983.jpg,Y,,,,
image_1464025045.jpg,Y,,,,
image_1464025107.jpg,Y,,,,
image_1464025169.jpg,Y,,,,
image_1464025231.jpg,Y,,,,
image_1464025294.jpg,Y,,,,
image_1464025356.jpg,Y,,,,
image_1464025418.jpg,Y,,,,
image_1464025480.jpg,Y,,,,
image_1464025542.jpg,Y,,,,
image_1464025604.jpg,,,,,
image_1464025667.jpg,,,,,
image_1464025729.jpg,,,,,
image_1464025791.jpg,,,,,
image_1464025853.jpg,,,,,
image_1464025915.jpg,,,,,
image_1464025977.jpg,,,,,
image_1464026040.jpg,,,,,
image_1464026102.jpg,,,,,
image_1464026164.jpg,,,,,
image_1464026226.jpg,,,,,
image_1464026288.jpg,,,,,
image_1464026350.jpg,,,,,
image_1464026413.jpg,,,,,
image_1464026475.jpg,,,,,
image_1464026537.jpg,,,,,
image_1464026599.jpg,Y,,,,
image_1464026661.jpg,,,,,
image_1464026723.jpg,,,,,
image_1464026786.jpg,,,,,
image_1464026848.jpg,,,,,
image_1464026910.jpg,Y,,,,
image_1464026972.jpg,Y,,,,
image_1464027034.jpg,,,,,
image_1464027096.jpg,,,,,
image_1464027158.jpg,,,,,
image_1464027221.jpg,,,,,
image_1464027283.jpg,,,,,
image_1464027345.jpg,,,,,
image_1464027407.jpg,,,,,
image_1464027469.jpg,,,,,
image_1464027531.jpg,,,,,
image_1464027594.jpg,,,,,
image_1464027656.jpg,,,,,
image_1464027718.jpg,,,,,
image_1464027780.jpg,,,,,
image_1464027842.jpg,,,,,
image_1464027905.jpg,,,,,
image_1464027967.jpg,,,,,
image_1464028029.jpg,,,,,
image_1464028092.jpg,,,,,
image_1464028154.jpg,,,,,
image_1464028216.jpg,,,,,
image_1464028278.jpg,,,,,
image_1464028340.jpg,,,,,
image_1464028403.jpg,,,,,
image_1464028465.jpg,,,,,
image_1464028527.jpg,,,,,
image_1464028589.jpg,,,,,
image_1464028651.jpg,,,,,
image_1464028713.jpg,,,,,
image_1464028775.jpg,,,,,
image_1464028838.jpg,,,,,
image_1464028900.jpg,Y,,,,
image_1464028962.jpg,Y,,,,
image_1464029024.jpg,,,,,
image_1464029086.jpg,,,,,
image_1464029148.jpg,,,,,
image_1464029211.jpg,,,,,
image_1464029273.jpg,,,,,
image_1464029335.jpg,,,,,
image_1464029397.jpg,,,,,
image_1464029459.jpg,,,,,
image_1464029521.jpg,,,,,
image_1464029584.jpg,,,,,
image_1464029646.jpg,,,,,
image_1464029708.jpg,,,,,
image_1464029770.jpg,,,,,
image_1464029832.jpg,,,,,
image_1464029894.jpg,,,,,
image_1464029956.jpg,,,,,
image_1464030019.jpg,,,,,
image_1464030081.jpg,,,,,
image_1464030143.jpg,,,,,
image_1464030205.jpg,Y,,,,
image_1464030267.jpg,Y,,,,
image_1464030329.jpg,Y,,,,
image_1464030392.jpg,Y,,,,
image_1464030454.jpg,Y,,,,
image_1464030516.jpg,,,,,
image_1464030578.jpg,,,,,
image_1464030640.jpg,,,,,
image_1464030702.jpg,,,,,
image_1464030765.jpg,,,,,
image_1464030827.jpg,,,,,
image_1464030889.jpg,,,,,
image_1464030951.jpg,,,,,
image_1464031013.jpg,,,,,
image_1464031075.jpg,,,,,
image_1464031138.jpg,,,,,
image_1464031200.jpg,,,,,
image_1464031263.jpg,,,,,
image_1464031325.jpg,,,,,
image_1464031387.jpg,,,,,
image_1464031450.jpg,,,,,
image_1464031512.jpg,,,,,
image_1464031574.jpg,,,,,
image_1464031636.jpg,,,,,
image_1464031698.jpg,,,,,
image_1464031760.jpg,,,,,
image_1464031823.jpg,,,,,
image_1464031885.jpg,,,,,
image_1464031947.jpg,,,,,
image_1464032009.jpg,,,,,
image_1464032071.jpg,,,,,
image_1464032133.jpg,,,,,
image_1464032196.jpg,,,,,
image_1464032258.jpg,,,,,
image_1464032320.jpg,,,,,
image_1464032382.jpg,,,,,
image_1464032444.jpg,,,,,
image_1464032506.jpg,,,,,
image_1464032569.jpg,,,,,
image_1464032631.jpg,,,,,
image_1464032693.jpg,,,,,
image_1464032755.jpg,,,,,
image_1464032817.jpg,,,,,
image_1464032879.jpg,,,,,
image_1464032942.jpg,,,,,
image_1464033004.jpg,,,,,
image_1464033066.jpg,,,,,
image_1464033128.jpg,,,,,
image_1464033190.jpg,,,,,
image_1464033252.jpg,,,,,
image_1464033315.jpg,,,,,
image_1464033377.jpg,,,,,
image_1464033439.jpg,,,,,
image_1464033501.jpg,,,,,
image_1464033563.jpg,,,,,
image_1464033626.jpg,,,,,
image_1464033688.jpg,,,,,
image_1464033750.jpg,,,,,
image_1464033812.jpg,,,,,
image_1464033874.jpg,,,,,
image_1464033936.jpg,,,,,
image_1464033998.jpg,,,,,
image_1464034061.jpg,,,,,
image_1464034123.jpg,,,,,
image_1464034185.jpg,,,,,
image_1464034247.jpg,,,,,
image_1464034309.jpg,,,,,
image_1464034371.jpg,,,,,
image_1464034434.jpg,,,,,
image_1464034496.jpg,,,,,
image_1464034558.jpg,,,,,
image_1464034620.jpg,,,,,
image_1464034682.jpg,,,,,
image_1464034745.jpg,,,,,
image_1464034807.jpg,,,,,
image_1464034869.jpg,,,,,
image_1464034931.jpg,,,,,
image_1464034993.jpg,,,,,
image_1464035055.jpg,,,,,
image_1464035117.jpg,,,,,
image_1464035180.jpg,,,,,
image_1464035242.jpg,,,,,
image_1464035304.jpg,,,,,
image_1464035366.jpg,,,,,
image_1464035428.jpg,,,,,
image_1464035490.jpg,,,,,
image_1464035552.jpg,,,,,
image_1464035615.jpg,,,,,
image_1464035677.jpg,,,,,
image_1464035739.jpg,,,,,
image_1464035801.jpg,,,,,
image_1464035863.jpg,,,,,
image_1464035925.jpg,,,,,
image_1464035987.jpg,,,,,
image_1464036050.jpg,,,,,
image_1464036112.jpg,,,,,
image_1464036174.jpg,,,,,
image_1464036236.jpg,,,,,
image_1464036298.jpg,,,,,
image_1464036360.jpg,,,,,
image_1464036423.jpg,,,,,
image_1464036485.jpg,,,,,
image_1464036547.jpg,,,,,
image_1464036609.jpg,,,,,
image_1464036671.jpg,,,,,
image_1464036733.jpg,,,,,
image_1464036796.jpg,,,,,
image_1464036858.jpg,,,,,
image_1464036920.jpg,,,,,
image_1464036982.jpg,,,,,
image_1464037044.jpg,,,,,
image_1464037106.jpg,,,,,
image_1464037168.jpg,,,,,
image_1464037231.jpg,,,,,
image_1464037293.jpg,,,,,
image_1464037355.jpg,,,,,
image_1464037418.jpg,,,,,
image_1464037481.jpg,,,,,
image_1464037543.jpg,,,,,
image_1464037605.jpg,,,,,
image_1464037667.jpg,,,,,
image_1464037729.jpg,,,,,
image_1464037791.jpg,,,,,
image_1464037853.jpg,,,,,
image_1464037916.jpg,,,,,
image_1464037978.jpg,,,,,
image_1464038040.jpg,,,,,
image_1464038102.jpg,,,,,
image_1464038164.jpg,,,,,
image_1464038226.jpg,,,,,
image_1464038288.jpg,,,,,
image_1464038351.jpg,,,,,
image_1464038413.jpg,,,,,
image_1464038475.jpg,,,,,
image_1464038537.jpg,,,,,
image_1464038599.jpg,,,,,
image_1464038661.jpg,,,,,
image_1464038723.jpg,,,,,
image_1464038786.jpg,,,,,
image_1464038848.jpg,,,,,
image_1464038910.jpg,,,,,
image_1464038972.jpg,,,,,
image_1464039034.jpg,,,,,
image_1464039096.jpg,,,,,
image_1464039159.jpg,,,,,
image_1464039221.jpg,,,,,
image_1464039283.jpg,Y,,,,
image_1464039345.jpg,Y,,,,
image_1464039407.jpg,Y,,,,
image_1464039469.jpg,,,,,
image_1464039531.jpg,,,,,
image_1464039594.jpg,Y,,,,
image_1464039656.jpg,Y,,,,
image_1464039718.jpg,Y,,,,
image_1464039780.jpg,Y,,,,
image_1464039842.jpg,Y,,,,
image_1464039904.jpg,,,,,
image_1464039966.jpg,,,,,
image_1464040029.jpg,,,,,
image_1464040091.jpg,,,,,
image_1464040153.jpg,,,,,
image_1464040215.jpg,,,,,
image_1464040277.jpg,,,,,
image_1464040339.jpg,,,,,
image_1464040401.jpg,,,,,
image_1464040464.jpg,,,,,
image_1464040526.jpg,,,,,
image_1464040588.jpg,,,,,
image_1464040650.jpg,,,,,
image_1464040712.jpg,,,,,
image_1464040774.jpg,,,,,
image_1464040836.jpg,,,,,
image_1464040899.jpg,,,,,
image_1464040961.jpg,,,,,
image_1464041023.jpg,,,,,
image_1464041085.jpg,,,,,
image_1464041147.jpg,Y,,,,
image_1464041209.jpg,Y,,,,
image_1464041272.jpg,Y,,,,
image_1464041334.jpg,Y,,,,
image_1464041396.jpg,Y,,,,
image_1464041458.jpg,Y,,,,
image_1464041520.jpg,,,,,
image_1464041582.jpg,,,,,
image_1464041645.jpg,,,,,
image_1464041707.jpg,,,,,
image_1464041769.jpg,,,,,
image_1464041831.jpg,,,,,
image_1464041893.jpg,,,,,
image_1464041955.jpg,,,,,
image_1464042017.jpg,,,,,
image_1464042080.jpg,,,,,
image_1464042142.jpg,,,,,
image_1464042204.jpg,,,,,
image_1464042266.jpg,,,,,
image_1464042328.jpg,,,,,
image_1464042390.jpg,,,,,
image_1464042453.jpg,,,,,
image_1464042515.jpg,,,,,
image_1464042577.jpg,,,,,
image_1464042640.jpg,,,,,
image_1464042702.jpg,,,,,
image_1464042764.jpg,,,,,
image_1464042826.jpg,,,,,
image_1464042888.jpg,,,,,
image_1464042950.jpg,,,,,
image_1464043012.jpg,,,,,
image_1464043075.jpg,,,,,
image_1464043137.jpg,,,,,
image_1464043199.jpg,,,,,
image_1464043261.jpg,,,,,
image_1464043323.jpg,,,,,
image_1464043386.jpg,,,,,
image_1464043448.jpg,,,,,
image_1464043510.jpg,,,,,
image_1464043572.jpg,,,,,
image_1464043634.jpg,,,,,
image_1464043696.jpg,,,,,
image_1464043759.jpg,,,,,
image_1464043821.jpg,,,,,
image_1464043883.jpg,,,,,
image_1464043945.jpg,,,,,
image_1464044007.jpg,,,,,
image_1464044069.jpg,,,,,
image_1464044132.jpg,,,,,
image_1464044194.jpg,,,,,
image_1464044256.jpg,,,,,
image_1464044318.jpg,,,,,
image_1464044380.jpg,,,,,
image_1464044442.jpg,,,,,
image_1464044505.jpg,,,,,
image_1464044567.jpg,,,,,
image_1464044629.jpg,,,,,
image_1464044691.jpg,,,,,
image_1464044753.jpg,,,,,
image_1464044815.jpg,,,,,
image_1464044878.jpg,,,,,
image_1464044940.jpg,,,,,
image_1464045002.jpg,,,,,
image_1464045064.jpg,,,,,
image_1464045126.jpg,,,,,
image_1464045188.jpg,,,,,
image_1464045251.jpg,,,,,
image_1464045313.jpg,,,,,
image_1464045375.jpg,,,,,
image_1464045437.jpg,,,,,
image_1464045499.jpg,,,,,
image_1464045561.jpg,,,,,
image_1464045624.jpg,,,,,
image_1464045686.jpg,,,,,
image_1464045748.jpg,,,,,
image_1464045810.jpg,,,,,
image_1464045872.jpg,,,,,
image_1464045935.jpg,,,,,
image_1464045997.jpg,,,,,
image_1464046059.jpg,,,,,
image_1464046121.jpg,,,,,
image_1464046183.jpg,,,,,
image_1464046245.jpg,,,,,
image_1464046307.jpg,,,,,
image_1464046370.jpg,,,,,
image_1464046432.jpg,,,,,
image_1464046494.jpg,,,,,
image_1464046556.jpg,,,,,
image_1464046618.jpg,,,,,
image_1464046681.jpg,,,,,
image_1464046743.jpg,,,,,
image_1464046805.jpg,,,,,
image_1464046867.jpg,,,,,
image_1464046929.jpg,,,,,
image_1464046991.jpg,,,,,
image_1464047054.jpg,,,,,
image_1464047116.jpg,,,,,
image_1464047178.jpg,,,,,
image_1464047240.jpg,,,,,
image_1464047302.jpg,,,,,
image_1464047364.jpg,,,,,
image_1464047427.jpg,,,,,
image_1464047489.jpg,,,,,
image_1464047551.jpg,,,,,
image_1464047613.jpg,,,,,
image_1464047675.jpg,,,,,
image_1464047737.jpg,,,,,
image_1464047800.jpg,,,,,
image_1464047862.jpg,,,,,
image_1464047924.jpg,,,,,
image_1464047986.jpg,,,,,
image_1464048048.jpg,,,,,
image_1464048110.jpg,,,,,
image_1464048173.jpg,,,,,
image_1464048235.jpg,,,,,
image_1464048297.jpg,,,,,
image_1464048359.jpg,,,,,
image_1464048421.jpg,,,,,
image_1464048484.jpg,,,,,
image_1464048546.jpg,,,,,
image_1464048608.jpg,,,,,
image_1464048670.jpg,,,,,
image_1464048732.jpg,,,,,
image_1464048795.jpg,,,,,
image_1464048857.jpg,,,,,
image_1464048919.jpg,,,,,
image_1464048981.jpg,,,,,
image_1464049043.jpg,,,,,
image_1464049105.jpg,,,,,
image_1464049168.jpg,,,,,
image_1464049230.jpg,,,,,
image_1464049293.jpg,,,,,
image_1464049355.jpg,,,,,
image_1464049417.jpg,,,,,
image_1464049479.jpg,,,,,
image_1464049541.jpg,,,,,
image_1464049603.jpg,,,,,
image_1464049666.jpg,,,,,
image_1464049728.jpg,,,,,
image_1464049790.jpg,,,,,
image_1464049852.jpg,,,,,
image_1464049914.jpg,,,,,
image_1464049976.jpg,,,,,
image_1464050039.jpg,,,,,
image_1464050101.jpg,,,,,
image_1464050163.jpg,,,,,
image_1464050225.jpg,,,,,
image_1464050287.jpg,,,,,
image_1464050350.jpg,,,,,
image_1464050412.jpg,,,,,
image_1464050474.jpg,,,,,
image_1464050536.jpg,,,,,
image_1464050598.jpg,,,,,
image_1464050660.jpg,,,,,
image_1464050723.jpg,,,,,
image_1464050785.jpg,,,,,
image_1464050847.jpg,,,,,
image_1464050909.jpg,,,,,
image_1464050972.jpg,,,,,
image_1464051034.jpg,,,,,
image_1464051096.jpg,,,,,
image_1464051158.jpg,,,,,
image_1464051221.jpg,,,,,
image_1464051283.jpg,,,,,
image_1464051345.jpg,,,,,
image_1464051407.jpg,,,,,
image_1464051469.jpg,,,,,
image_1464051532.jpg,,,,,
image_1464051594.jpg,,,,,
image_1464051656.jpg,,,,,
image_1464051718.jpg,,,,,
image_1464051780.jpg,,,,,
image_1464051843.jpg,,,,,
image_1464051905.jpg,,,,,
image_1464051967.jpg,,,,,
image_1464052029.jpg,,,,,
image_1464052091.jpg,,,,,
image_1464052153.jpg,,,,,
image_1464052216.jpg,,,,,
image_1464052278.jpg,,,,,
image_1464052340.jpg,,,,,
image_1464052403.jpg,,,,,
image_1464052465.jpg,,,,,
image_1464052527.jpg,,,,,
image_1464052589.jpg,,,,,
image_1464052652.jpg,,,,,
image_1464052714.jpg,,,,,
image_1464052777.jpg,,,,,
image_1464052839.jpg,,,,,
image_1464052902.jpg,,,,,
image_1464052964.jpg,,,,,
image_1464053026.jpg,,,,,
image_1464053088.jpg,,,,,
image_1464053150.jpg,,,,,
image_1464053213.jpg,,,,,
image_1464053275.jpg,,,,,
image_1464053337.jpg,,,,,
image_1464053399.jpg,,,,,
image_1464053461.jpg,,,,,
image_1464053524.jpg,,,,,
image_1464053586.jpg,,,,,
image_1464053648.jpg,,,,,
image_1464053710.jpg,,,,,
image_1464053773.jpg,,,,,
image_1464053835.jpg,,,,,
image_1464053897.jpg,,,,,
image_1464053959.jpg,,,,,
image_1464054021.jpg,,,,,
image_1464054084.jpg,,,,,
image_1464054146.jpg,,,,,
image_1464054209.jpg,,,,,
image_1464054271.jpg,,,,,
image_1464054333.jpg,,,,,
image_1464054396.jpg,,,,,
image_1464054458.jpg,,,,,
image_1464054521.jpg,,,,,
image_1464054583.jpg,,,,,
image_1464054645.jpg,,,,,
image_1464054708.jpg,,,,,
image_1464054770.jpg,,,,,
image_1464054833.jpg,,,,,
image_1464054895.jpg,,,,,
image_1464054958.jpg,,,,,
image_1464055021.jpg,,,,,
image_1464055084.jpg,,,,,
image_1464055147.jpg,,,,,
image_1464055209.jpg,,,,,
image_1464055272.jpg,,,,,
image_1464055335.jpg,,,,,
image_1464055398.jpg,,,,,
image_1464055461.jpg,,,,,
image_1464055524.jpg,,,,,
image_1464055587.jpg,,,,,
image_1464055650.jpg,Y,,,,
image_1464055713.jpg,Y,,,,
image_1464055776.jpg,Y,,,,
image_1464055839.jpg,,,,,
image_1464055902.jpg,,,,,
image_1464055965.jpg,,,,,
image_1464056028.jpg,,,,,
image_1464056090.jpg,,,,,
image_1464056153.jpg,,,,,
image_1464056216.jpg,,,,,
image_1464056279.jpg,,,,,
image_1464056342.jpg,,,,,
image_1464056405.jpg,,,,,
image_1464056468.jpg,,,,,
image_1464056531.jpg,,,,,
image_1464056594.jpg,,,,,
image_1464056657.jpg,,,,,
image_1464056720.jpg,,,,,
image_1464056783.jpg,,,,,
image_1464056846.jpg,,,,,
image_1464056909.jpg,,,,,
image_1464056972.jpg,,,,,
image_1464057035.jpg,,,,,
image_1464057098.jpg,,,,,
image_1464057161.jpg,,,,,
image_1464057223.jpg,,,,,
image_1464057286.jpg,,,,,
image_1464057349.jpg,,,,,
image_1464057412.jpg,,,,,
image_1464057475.jpg,,,,,
image_1464057538.jpg,,,,,
image_1464057601.jpg,,,,,
image_1464057664.jpg,,,,,
image_1464057727.jpg,,,,,
image_1464057790.jpg,,,,,
image_1464057853.jpg,,,,,
image_1464057916.jpg,,,,,
image_1464057979.jpg,,,,,
image_1464058042.jpg,,,,,
image_1464058104.jpg,,,,,
image_1464058167.jpg,,,,,
image_1464058230.jpg,,,,,
image_1464058293.jpg,,,,,
image_1464058356.jpg,Y,,,,
image_1464058419.jpg,Y,,,,
image_1464058482.jpg,,,,,
image_1464058545.jpg,,,,,
image_1464058608.jpg,,,,,
image_1464058671.jpg,,,,,
image_1464058733.jpg,,,,,
image_1464058796.jpg,,,,,
image_1464058859.jpg,,,,,
image_1464058922.jpg,,,,,
image_1464058985.jpg,,,,,
image_1464059048.jpg,,,,,
image_1464059111.jpg,,,,,
image_1464059174.jpg,,,,,
image_1464059237.jpg,,,,,
image_1464059300.jpg,,,,,
image_1464059363.jpg,,,,,
image_1464059426.jpg,,,,,
image_1464059488.jpg,,,,,
image_1464059551.jpg,,Y,,,
image_1464059614.jpg,,Y,,,
image_1464059677.jpg,,Y,,,
image_1464059740.jpg,,,,,
image_1464059803.jpg,,,,,
image_1464059866.jpg,Y,,,,
image_1464059929.jpg,Y,,,,
image_1464059992.jpg,,,,,
image_1464060055.jpg,,,,,
image_1464060118.jpg,,,,,
image_1464060181.jpg,,,,,
image_1464060244.jpg,,,,,
image_1464060307.jpg,,,,,
image_1464060370.jpg,,,,,
image_1464060433.jpg,,,,,
image_1464060496.jpg,,,,,
image_1464060558.jpg,,,,,
image_1464060621.jpg,,,,,
image_1464060684.jpg,,,,,
image_1464060747.jpg,,,,,
image_1464060810.jpg,,,,,
image_1464060873.jpg,,,,,
image_1464060936.jpg,Y,,,,
image_1464060999.jpg,,,,,
image_1464061062.jpg,,,,,
image_1464061125.jpg,,,,,
image_1464061188.jpg,,,,,
image_1464061251.jpg,,,,,
image_1464061314.jpg,Y,,,,
image_1464061377.jpg,Y,,,,
image_1464061439.jpg,Y,,,,
image_1464061502.jpg,Y,,,,
image_1464061565.jpg,Y,,,,
image_1464061628.jpg,Y,,,,
image_1464061691.jpg,Y,,,,
image_1464061754.jpg,Y,,,,
image_1464061817.jpg,,,,,
image_1464061880.jpg,,,,,
image_1464061943.jpg,,,,,
image_1464062006.jpg,,,,,
image_1464062069.jpg,,,,,
image_1464062131.jpg,Y,,,,
image_1464062194.jpg,Y,,,,
image_1464062257.jpg,Y,,,,
image_1464062320.jpg,,,,,
image_1464062383.jpg,,,,,
image_1464062446.jpg,,,,,
image_1464062509.jpg,,,,,
image_1464062572.jpg,,,,,
image_1464062635.jpg,,Y,,,
image_1464062698.jpg,,Y,,,
image_1464062761.jpg,,,,,
image_1464062823.jpg,,,,,
image_1464062886.jpg,,,,,
image_1464062949.jpg,,,,,
image_1464063012.jpg,,,,,
image_1464063075.jpg,,,,,
image_1464063138.jpg,,,,,
image_1464063201.jpg,,,,,
image_1464063264.jpg,,,,,
image_1464063327.jpg,,,,,
image_1464063390.jpg,,,,,
image_1464063453.jpg,,,,,
image_1464063515.jpg,,,,,
image_1464063578.jpg,,,,,
image_1464063641.jpg,,,,,
image_1464063704.jpg,,,,,