Filename,night,day
image_1463849599.jpg,,1
image_1463849652.jpg,,1
image_1463849668.jpg,,1
image_1463849754.jpg,,1
image_1463849906.jpg,,1
image_1463849969.jpg,,1
image_1463850031.jpg,,1
image_1463850093.jpg,,1
image_1463850156.jpg,,1
image_1463850218.jpg,,1
image_1463850280.jpg,,1
image_1463850342.jpg,,1
image_1463850404.jpg,,1
image_1463850466.jpg,,1
image_1463850529.jpg,,1
image_1463850591.jpg,,1
image_1463850653.jpg,,1
image_1463850715.jpg,,1
image_1463850777.jpg,,1
image_1463850839.jpg,,1
image_1463850902.jpg,,1
image_1463850964.jpg,,1
image_1463851026.jpg,,1
image_1463851088.jpg,,1
image_1463851150.jpg,,1
image_1463851212.jpg,,1
image_1463851275.jpg,,1
image_1463851337.jpg,,1
image_1463851399.jpg,,1
image_1463851461.jpg,,1
image_1463851523.jpg,,1
image_1463851585.jpg,,1
image_1463851647.jpg,,1
image_1463851710.jpg,,1
image_1463851772.jpg,,1
image_1463851834.jpg,,1
image_1463851896.jpg,,1
image_1463851958.jpg,,1
image_1463852020.jpg,,1
image_1463852083.jpg,,1
image_1463852145.jpg,,1
image_1463852207.jpg,,1
image_1463852269.jpg,,1
image_1463852331.jpg,,1
image_1463852394.jpg,,1
image_1463852456.jpg,,1
image_1463852518.jpg,,1
image_1463852580.jpg,,1
image_1463852642.jpg,,1
image_1463852704.jpg,,1
image_1463852767.jpg,,1
image_1463852829.jpg,,1
image_1463852891.jpg,,1
image_1463852953.jpg,,1
image_1463853015.jpg,,1
image_1463853077.jpg,,1
image_1463853139.jpg,,1
image_1463853202.jpg,,1
image_1463853264.jpg,,1
image_1463853326.jpg,,1
image_1463853388.jpg,,1
image_1463853450.jpg,,1
image_1463853512.jpg,,1
image_1463853574.jpg,,1
image_1463853637.jpg,,1
image_1463853699.jpg,,1
image_1463853761.jpg,,1
image_1463853823.jpg,,1
image_1463853885.jpg,,1
image_1463853947.jpg,,1
image_1463930697.jpg,,1
image_1463930760.jpg,,1
image_1463930822.jpg,,1
image_1463930884.jpg,,1
image_1463930947.jpg,,1
image_1463931009.jpg,,1
image_1463931071.jpg,,1
image_1463952582.jpg,,1
image_1463952645.jpg,,1
image_1463952707.jpg,,1
image_1463952769.jpg,,1
image_1463952831.jpg,,1
image_1463952893.jpg,,1
image_1463952956.jpg,,1
image_1463953018.jpg,,1
image_1463953080.jpg,,1
image_1463953142.jpg,,1
image_1463953204.jpg,,1
image_1463953266.jpg,,1
image_1463953329.jpg,,1
image_1463953391.jpg,,1
image_1463953453.jpg,,1
image_1463953515.jpg,,1
image_1463953577.jpg,,1
image_1463953639.jpg,,1
image_1463953701.jpg,,1
image_1463956534.jpg,,1
image_1463956597.jpg,,1
image_1463956659.jpg,,1
image_1463956721.jpg,,1
image_1463956783.jpg,,1
image_1463956845.jpg,,1
image_1463956907.jpg,,1
image_1463956970.jpg,,1
image_1463957032.jpg,,1
image_1463957094.jpg,,1
image_1463957156.jpg,,1
image_1463957218.jpg,,1
image_1463957281.jpg,,1
image_1463957343.jpg,,1
image_1463957405.jpg,,1
image_1463957467.jpg,,1
image_1463957529.jpg,,1
image_1463957592.jpg,,1
image_1463957654.jpg,,1
image_1463957716.jpg,,1
image_1463957778.jpg,,1
image_1463957840.jpg,,1
image_1463957902.jpg,,1
image_1463957965.jpg,,1
image_1463958027.jpg,,1
image_1463958089.jpg,,1
image_1463958151.jpg,,1
image_1463958214.jpg,,1
image_1463958276.jpg,,1
image_1463958338.jpg,,1
image_1463958400.jpg,,1
image_1463958462.jpg,,1
image_1463958524.jpg,,1
image_1463958587.jpg,,1
image_1463958649.jpg,,1
image_1463958711.jpg,,1
image_1463958773.jpg,,1
image_1463958835.jpg,,1
image_1463958898.jpg,,1
image_1463958960.jpg,,1
image_1463959022.jpg,,1
image_1463959084.jpg,,1
image_1463959146.jpg,,1
image_1463959208.jpg,,1
image_1463959271.jpg,,1
image_1463959333.jpg,,1
image_1463959395.jpg,,1
image_1463959457.jpg,,1
image_1463959519.jpg,,1
image_1463959582.jpg,,1
image_1463959645.jpg,,1
image_1463959708.jpg,,1
image_1463959771.jpg,,1
image_1463959833.jpg,,1
image_1463959896.jpg,,1
image_1463959959.jpg,,1
image_1463960021.jpg,,1
image_1463960084.jpg,,1
image_1463960146.jpg,,1
image_1463960208.jpg,,1
image_1463960271.jpg,,1
image_1463960333.jpg,,1
image_1463960395.jpg,,1
image_1463960457.jpg,,1
image_1463960519.jpg,,1
image_1463960581.jpg,,1
image_1463960644.jpg,,1
image_1463960706.jpg,,1
image_1463960768.jpg,,1
image_1463960830.jpg,,1
image_1463960892.jpg,,1
image_1463960955.jpg,,1
image_1463961017.jpg,,1
image_1463961079.jpg,,1
image_1463961141.jpg,,1
image_1463961203.jpg,,1
image_1463961265.jpg,,1
image_1463961328.jpg,,1
image_1463961390.jpg,,1
image_1463961452.jpg,,1
image_1463961514.jpg,,1
image_1463961576.jpg,,1
image_1463961638.jpg,,1
image_1463961701.jpg,,1
image_1463961763.jpg,,1
image_1463961825.jpg,,1
image_1463961887.jpg,,1
image_1463961949.jpg,,1
image_1463962012.jpg,,1
image_1463962074.jpg,,1
image_1463962136.jpg,,1
image_1463962198.jpg,,1
image_1463962260.jpg,,1
image_1463962322.jpg,,1
image_1463962384.jpg,,1
image_1463962447.jpg,,1
image_1463962509.jpg,,1
image_1463962571.jpg,,1
image_1463962633.jpg,,1
image_1463962695.jpg,,1
image_1463962757.jpg,,1
image_1463962820.jpg,,1
image_1463962882.jpg,,1
image_1463962944.jpg,,1
image_1463963006.jpg,,1
image_1463963068.jpg,,1
image_1463963131.jpg,,1
image_1463963193.jpg,,1
image_1463963255.jpg,,1
image_1463963317.jpg,,1
image_1463963379.jpg,,1
image_1463963441.jpg,,1
image_1463963504.jpg,,1
image_1463963566.jpg,,1
image_1463963628.jpg,,1
image_1463963690.jpg,,1
image_1463963752.jpg,,1
image_1463963815.jpg,,1
image_1463963877.jpg,,1
image_1463963939.jpg,,1
image_1463964001.jpg,,1
image_1463964063.jpg,,1
image_1463964125.jpg,,1
image_1463964188.jpg,,1
image_1463964250.jpg,,1
image_1463964312.jpg,,1
image_1463964374.jpg,,1
image_1463964436.jpg,,1
image_1463964499.jpg,,1
image_1463964561.jpg,,1
image_1463964623.jpg,,1
image_1463964685.jpg,,1
image_1463964747.jpg,,1
image_1463964809.jpg,,1
image_1463964872.jpg,,1
image_1463964934.jpg,,1
image_1463964996.jpg,,1
image_1463965058.jpg,,1
image_1463965120.jpg,,1
image_1463965182.jpg,,1
image_1463965245.jpg,,1
image_1463965307.jpg,,1
image_1463965369.jpg,,1
image_1463965431.jpg,,1
image_1463965494.jpg,,1
image_1463965559.jpg,,1
image_1463965621.jpg,,1
image_1463965684.jpg,,1
image_1463965746.jpg,,1
image_1463965808.jpg,,1
image_1463965871.jpg,,1
image_1463965933.jpg,,1
image_1463965995.jpg,,1
image_1463966058.jpg,,1
image_1463966120.jpg,,1
image_1463966182.jpg,,1
image_1463966244.jpg,,1
image_1463966307.jpg,,1
image_1463966369.jpg,,1
image_1463966431.jpg,,1
image_1463966494.jpg,,1
image_1463966556.jpg,,1
image_1463966618.jpg,,1
image_1463966681.jpg,,1
image_1463966743.jpg,,1
image_1463966805.jpg,,1
image_1463966868.jpg,,1
image_1463966930.jpg,,1
image_1463966992.jpg,,1
image_1463967055.jpg,,1
image_1463967117.jpg,,1
image_1463967180.jpg,,1
image_1463967242.jpg,,1
image_1463967304.jpg,,1
image_1463967367.jpg,,1
image_1463967429.jpg,,1
image_1463967492.jpg,,1
image_1463967555.jpg,,1
image_1463967618.jpg,,1
image_1463967681.jpg,,1
image_1463967744.jpg,,1
image_1463967807.jpg,,1
image_1463967870.jpg,,1
image_1463967933.jpg,,1
image_1463967996.jpg,,1
image_1463968058.jpg,,1
image_1463968121.jpg,,1
image_1463968184.jpg,,1
image_1463968247.jpg,,1
image_1463968310.jpg,,1
image_1463968373.jpg,,1
image_1463968436.jpg,,1
image_1463968499.jpg,,1
image_1463968562.jpg,,1
image_1463968625.jpg,,1
image_1463968687.jpg,,1
image_1463968750.jpg,,1
image_1463968813.jpg,,1
image_1463968876.jpg,,1
image_1463968939.jpg,,1
image_1463969002.jpg,,1
image_1463969065.jpg,,1
image_1463969128.jpg,,1
image_1463969191.jpg,,1
image_1463969254.jpg,,1
image_1463969317.jpg,,1
image_1463969380.jpg,,1
image_1463969443.jpg,,1
image_1463969506.jpg,,1
image_1463969569.jpg,,1
image_1463969632.jpg,,1
image_1463969694.jpg,,1
image_1463969757.jpg,,1
image_1463969820.jpg,,1
image_1463969883.jpg,,1
image_1463969946.jpg,,1
image_1463970009.jpg,,1
image_1463970072.jpg,,1
image_1463970135.jpg,,1
image_1463970198.jpg,,1
image_1463970261.jpg,,1
image_1463970324.jpg,,1
image_1463970387.jpg,,1
image_1463970613.jpg,,1
image_1463970642.jpg,,1
image_1463970706.jpg,,1
image_1463970769.jpg,,1
image_1463970832.jpg,,1
image_1463970895.jpg,,1
image_1463970958.jpg,,1
image_1463979565.jpg,,1
image_1463979634.jpg,,1
image_1463979702.jpg,,1
image_1463979765.jpg,,1
image_1463979828.jpg,,1
image_1463979891.jpg,,1
image_1463979954.jpg,,1
image_1463980017.jpg,,1
image_1463980080.jpg,,1
image_1463980143.jpg,,1
image_1463980205.jpg,,1
image_1463980268.jpg,,1
image_1463980331.jpg,,1
image_1463980394.jpg,,1
image_1463980457.jpg,,1
image_1463980520.jpg,,1
image_1463980583.jpg,,1
image_1463980646.jpg,,1
image_1463980709.jpg,,1
image_1463980772.jpg,,1
image_1463980835.jpg,,1
image_1463980898.jpg,,1
image_1463980960.jpg,,1
image_1463981023.jpg,,1
image_1463981086.jpg,,1
image_1463981149.jpg,,1
image_1463981212.jpg,,1
image_1463981275.jpg,,1
image_1463981338.jpg,,1
image_1463981401.jpg,,1
image_1463981464.jpg,,1
image_1463981527.jpg,,1
image_1463981589.jpg,,1
image_1463981652.jpg,,1
image_1463981715.jpg,,1
image_1463981778.jpg,,1
image_1463981841.jpg,,1
image_1463981904.jpg,,1
image_1463981967.jpg,,1
image_1463982030.jpg,,1
image_1463982093.jpg,1,
image_1463982155.jpg,1,
image_1463982218.jpg,1,
image_1463982281.jpg,1,
image_1463982344.jpg,1,
image_1463982407.jpg,1,
image_1463982469.jpg,1,
image_1463982532.jpg,1,
image_1463982595.jpg,1,
image_1463982658.jpg,1,
image_1463982720.jpg,1,
image_1463982783.jpg,1,
image_1463982846.jpg,1,
image_1463982909.jpg,1,
image_1463982971.jpg,1,
image_1463983034.jpg,1,
image_1463983097.jpg,1,
image_1463983160.jpg,1,
image_1463983222.jpg,1,
image_1463983285.jpg,1,
image_1463983348.jpg,1,
image_1463983411.jpg,1,
image_1463983473.jpg,1,
image_1463983536.jpg,1,
image_1463983599.jpg,1,
image_1463983662.jpg,1,
image_1463983724.jpg,1,
image_1463983787.jpg,1,
image_1463983850.jpg,1,
image_1463983913.jpg,1,
image_1463983975.jpg,1,
image_1463984038.jpg,1,
image_1463984101.jpg,1,
image_1463984164.jpg,1,
image_1463984226.jpg,1,
image_1463984289.jpg,1,
image_1463984352.jpg,1,
image_1463984415.jpg,1,
image_1463984477.jpg,1,
image_1463984540.jpg,1,
image_1463984603.jpg,1,
image_1463984666.jpg,1,
image_1463984728.jpg,1,
image_1463984791.jpg,1,
image_1463984854.jpg,1,
image_1463984917.jpg,1,
image_1463984979.jpg,1,
image_1463985042.jpg,1,
image_1463985105.jpg,1,
image_1463985168.jpg,1,
image_1463985230.jpg,1,
image_1463985293.jpg,1,
image_1463985356.jpg,1,
image_1463985419.jpg,1,
image_1463985481.jpg,1,
image_1463985544.jpg,1,
image_1463985607.jpg,1,
image_1463985670.jpg,1,
image_1463985732.jpg,1,
image_1463985795.jpg,1,
image_1463985858.jpg,1,
image_1463985921.jpg,1,
image_1463985983.jpg,1,
image_1463986046.jpg,1,
image_1463986109.jpg,1,
image_1463986172.jpg,1,
image_1463986234.jpg,1,
image_1463986297.jpg,1,
image_1463986360.jpg,1,
image_1463986423.jpg,1,
image_1463986485.jpg,1,
image_1463986548.jpg,1,
image_1463986611.jpg,1,
image_1463986674.jpg,1,
image_1463986736.jpg,1,
image_1463986799.jpg,1,
image_1463986862.jpg,1,
image_1463986925.jpg,1,
image_1463986987.jpg,1,
image_1463987050.jpg,1,
image_1463987113.jpg,1,
image_1463987176.jpg,1,
image_1463987238.jpg,1,
image_1463987301.jpg,1,
image_1463987364.jpg,1,
image_1463987427.jpg,1,
image_1463987489.jpg,1,
image_1463987552.jpg,1,
image_1463987615.jpg,1,
image_1463987678.jpg,1,
image_1463987740.jpg,1,
image_1463987803.jpg,1,
image_1463987866.jpg,1,
image_1463987929.jpg,1,
image_1463987991.jpg,1,
image_1463988054.jpg,1,
image_1463988118.jpg,1,
image_1463988181.jpg,1,
image_1463988243.jpg,1,
image_1463988306.jpg,1,
image_1463988369.jpg,1,
image_1463988432.jpg,1,
image_1463988494.jpg,1,
image_1463988557.jpg,1,
image_1463988620.jpg,1,
image_1463988683.jpg,1,
image_1463988745.jpg,1,
image_1463988808.jpg,1,
image_1463988871.jpg,1,
image_1463988934.jpg,1,
image_1463988996.jpg,1,
image_1463989059.jpg,1,
image_1463989122.jpg,1,
image_1463989185.jpg,1,
image_1463989247.jpg,1,
image_1463989310.jpg,1,
image_1463989373.jpg,1,
image_1463989436.jpg,1,
image_1463989498.jpg,1,
image_1463989561.jpg,1,
image_1463989624.jpg,1,
image_1463989687.jpg,1,
image_1463989749.jpg,1,
image_1463989812.jpg,1,
image_1463989875.jpg,1,
image_1463989938.jpg,1,
image_1463990000.jpg,1,
image_1463990063.jpg,1,
image_1463990126.jpg,1,
image_1463990189.jpg,1,
image_1463990251.jpg,1,
image_1463990314.jpg,1,
image_1463990377.jpg,1,
image_1463990440.jpg,1,
image_1463990502.jpg,1,
image_1463990565.jpg,1,
image_1463990628.jpg,1,
image_1463990691.jpg,1,
image_1463990753.jpg,1,
image_1463990816.jpg,1,
image_1463990879.jpg,1,
image_1463990942.jpg,1,
image_1463991004.jpg,1,
image_1463991067.jpg,1,
image_1463991130.jpg,1,
image_1463991194.jpg,1,
image_1463991257.jpg,1,
image_1463991319.jpg,1,
image_1463991382.jpg,1,
image_1463991445.jpg,1,
image_1463991508.jpg,1,
image_1463991570.jpg,1,
image_1463991633.jpg,1,
image_1463991696.jpg,1,
image_1463991759.jpg,1,
image_1463991822.jpg,1,
image_1463991884.jpg,1,
image_1463991947.jpg,1,
image_1463992010.jpg,1,
image_1463992073.jpg,1,
image_1463992135.jpg,1,
image_1463992198.jpg,1,
image_1463992261.jpg,1,
image_1463992324.jpg,1,
image_1463992387.jpg,1,
image_1463992449.jpg,1,
image_1463992512.jpg,1,
image_1463992575.jpg,1,
image_1463992638.jpg,1,
image_1463992700.jpg,1,
image_1463992763.jpg,1,
image_1463992826.jpg,1,
image_1463992889.jpg,1,
image_1463992951.jpg,1,
image_1463993014.jpg,1,
image_1463993077.jpg,1,
image_1463993140.jpg,1,
image_1463993202.jpg,1,
image_1463993265.jpg,1,
image_1463993328.jpg,1,
image_1463993391.jpg,1,
image_1463993453.jpg,1,
image_1463993516.jpg,1,
image_1463993579.jpg,1,
image_1463993642.jpg,1,
image_1463993704.jpg,1,
image_1463993767.jpg,1,
image_1463993830.jpg,1,
image_1463993893.jpg,1,
image_1463993955.jpg,1,
image_1463994018.jpg,1,
image_1463994081.jpg,1,
image_1463994144.jpg,1,
image_1463994206.jpg,1,
image_1463994269.jpg,1,
image_1463994332.jpg,1,
image_1463994395.jpg,1,
image_1463994457.jpg,1,
image_1463994520.jpg,1,
image_1463994583.jpg,1,
image_1463994646.jpg,1,
image_1463994708.jpg,1,
image_1463994771.jpg,1,
image_1463994834.jpg,1,
image_1463994897.jpg,1,
image_1463994959.jpg,1,
image_1463995022.jpg,1,
image_1463995085.jpg,1,
image_1463995148.jpg,1,
image_1463995210.jpg,1,
image_1463995273.jpg,1,
image_1463995336.jpg,1,
image_1463995399.jpg,1,
image_1463995462.jpg,1,
image_1463995524.jpg,1,
image_1463995587.jpg,1,
image_1463995650.jpg,1,
image_1463995713.jpg,1,
image_1463995775.jpg,1,
image_1463995838.jpg,1,
image_1463995901.jpg,1,
image_1463995964.jpg,1,
image_1463996026.jpg,1,
image_1463996089.jpg,1,
image_1463996152.jpg,1,
image_1463996215.jpg,1,
image_1463996278.jpg,1,
image_1463996340.jpg,1,
image_1463996403.jpg,1,
image_1463996466.jpg,1,
image_1463996528.jpg,1,
image_1463996591.jpg,1,
image_1463996654.jpg,1,
image_1463996717.jpg,1,
image_1463996779.jpg,1,
image_1463996842.jpg,1,
image_1463996905.jpg,1,
image_1463996968.jpg,1,
image_1463997031.jpg,1,
image_1463997093.jpg,1,
image_1463997156.jpg,1,
image_1463997219.jpg,1,
image_1463997282.jpg,1,
image_1463997344.jpg,1,
image_1463997407.jpg,1,
image_1463997470.jpg,1,
image_1463997533.jpg,1,
image_1463997595.jpg,1,
image_1463997658.jpg,1,
image_1463997721.jpg,1,
image_1463997784.jpg,1,
image_1463997847.jpg,1,
image_1463997910.jpg,1,
image_1463997972.jpg,1,
image_1463998035.jpg,1,
image_1463998098.jpg,1,
image_1463998161.jpg,1,
image_1463998223.jpg,1,
image_1463998286.jpg,1,
image_1463998349.jpg,1,
image_1463998412.jpg,1,
image_1463998474.jpg,1,
image_1463998537.jpg,1,
image_1463998600.jpg,1,
image_1463998663.jpg,1,
image_1463998725.jpg,1,
image_1463998788.jpg,1,
image_1463998851.jpg,1,
image_1463998914.jpg,1,
image_1463998976.jpg,1,
image_1463999039.jpg,1,
image_1463999102.jpg,1,
image_1463999165.jpg,1,
image_1463999227.jpg,1,
image_1463999290.jpg,1,
image_1463999353.jpg,1,
image_1463999416.jpg,1,
image_1463999478.jpg,1,
image_1463999541.jpg,1,
image_1463999604.jpg,1,
image_1463999667.jpg,1,
image_1463999730.jpg,1,
image_1463999792.jpg,1,
image_1463999855.jpg,1,
image_1463999918.jpg,1,
image_1463999980.jpg,1,
image_1464000043.jpg,1,
image_1464000106.jpg,1,
image_1464000169.jpg,1,
image_1464000232.jpg,1,
image_1464000294.jpg,1,
image_1464000357.jpg,1,
image_1464000420.jpg,1,
image_1464000483.jpg,1,
image_1464000545.jpg,1,
image_1464000608.jpg,1,
image_1464000671.jpg,1,
image_1464000734.jpg,1,
image_1464000796.jpg,1,
image_1464000859.jpg,1,
image_1464000922.jpg,1,
image_1464000985.jpg,1,
image_1464001047.jpg,1,
image_1464001110.jpg,1,
image_1464001173.jpg,1,
image_1464001236.jpg,1,
image_1464001298.jpg,1,
image_1464001361.jpg,1,
image_1464001424.jpg,1,
image_1464001487.jpg,1,
image_1464001549.jpg,1,
image_1464001612.jpg,1,
image_1464001675.jpg,1,
image_1464001738.jpg,1,
image_1464001801.jpg,1,
image_1464001863.jpg,1,
image_1464001926.jpg,1,
image_1464001989.jpg,1,
image_1464002052.jpg,1,
image_1464002115.jpg,1,
image_1464002179.jpg,1,
image_1464002242.jpg,1,
image_1464002304.jpg,1,
image_1464002367.jpg,1,
image_1464002430.jpg,1,
image_1464002493.jpg,1,
image_1464002556.jpg,1,
image_1464002619.jpg,1,
image_1464002681.jpg,,1
image_1464002744.jpg,,1
image_1464002807.jpg,,1
image_1464002870.jpg,,1
image_1464002933.jpg,,1
image_1464002996.jpg,,1
image_1464003059.jpg,,1
image_1464003122.jpg,,1
image_1464003185.jpg,,1
image_1464003247.jpg,,1
image_1464003310.jpg,,1
image_1464003373.jpg,,1
image_1464003436.jpg,,1
image_1464003499.jpg,,1
image_1464003562.jpg,,1
image_1464003625.jpg,,1
image_1464003688.jpg,,1
image_1464003751.jpg,,1
image_1464003814.jpg,,1
image_1464003877.jpg,,1
image_1464003939.jpg,,1
image_1464004002.jpg,,1
image_1464004065.jpg,,1
image_1464004128.jpg,,1
image_1464004191.jpg,,1
image_1464004254.jpg,,1
image_1464004317.jpg,,1
image_1464004380.jpg,,1
image_1464004443.jpg,,1
image_1464004506.jpg,,1
image_1464004568.jpg,,1
image_1464004631.jpg,,1
image_1464004694.jpg,,1
image_1464004757.jpg,,1
image_1464004820.jpg,,1
image_1464004883.jpg,,1
image_1464004946.jpg,,1
image_1464005009.jpg,,1
image_1464005072.jpg,,1
image_1464005135.jpg,,1
image_1464005198.jpg,,1
image_1464005261.jpg,,1
image_1464005324.jpg,,1
image_1464005387.jpg,,1
image_1464005449.jpg,,1
image_1464005512.jpg,,1
image_1464005575.jpg,,1
image_1464005638.jpg,,1
image_1464005701.jpg,,1
image_1464005764.jpg,,1
image_1464005827.jpg,,1
image_1464005890.jpg,,1
image_1464005953.jpg,,1
image_1464006016.jpg,,1
image_1464006078.jpg,,1
image_1464006141.jpg,,1
image_1464006204.jpg,,1
image_1464006267.jpg,,1
image_1464006329.jpg,,1
image_1464006391.jpg,,1
image_1464006454.jpg,,1
image_1464006516.jpg,,1
image_1464006579.jpg,,1
image_1464006641.jpg,,1
image_1464006704.jpg,,1
image_1464006766.jpg,,1
image_1464006829.jpg,,1
image_1464006891.jpg,,1
image_1464006953.jpg,,1
image_1464007015.jpg,,1
image_1464007077.jpg,,1
image_1464007140.jpg,,1
image_1464007202.jpg,,1
image_1464007264.jpg,,1
image_1464007326.jpg,,1
image_1464007388.jpg,,1
image_1464007451.jpg,,1
image_1464007513.jpg,,1
image_1464007575.jpg,,1
image_1464007637.jpg,,1
image_1464007699.jpg,,1
image_1464007762.jpg,,1
image_1464007824.jpg,,1
image_1464007886.jpg,,1
image_1464007948.jpg,,1
image_1464008010.jpg,,1
image_1464008073.jpg,,1
image_1464008135.jpg,,1
image_1464008197.jpg,,1
image_1464008259.jpg,,1
image_1464008321.jpg,,1
image_1464008384.jpg,,1
image_1464008446.jpg,,1
image_1464008508.jpg,,1
image_1464008570.jpg,,1
image_1464008632.jpg,,1
image_1464008695.jpg,,1
image_1464008757.jpg,,1
image_1464008819.jpg,,1
image_1464008881.jpg,,1
image_1464008943.jpg,,1
image_1464009005.jpg,,1
image_1464009068.jpg,,1
image_1464009130.jpg,,1
image_1464009192.jpg,,1
image_1464009254.jpg,,1
image_1464009316.jpg,,1
image_1464009379.jpg,,1
image_1464009441.jpg,,1
image_1464009503.jpg,,1
image_1464009565.jpg,,1
image_1464009627.jpg,,1
image_1464009689.jpg,,1
image_1464009752.jpg,,1
image_1464009814.jpg,,1
image_1464009876.jpg,,1
image_1464009938.jpg,,1
image_1464010000.jpg,,1
image_1464010062.jpg,,1
image_1464010125.jpg,,1
image_1464010187.jpg,,1
image_1464010249.jpg,,1
image_1464010311.jpg,,1
image_1464010373.jpg,,1
image_1464010436.jpg,,1
image_1464010498.jpg,,1
image_1464010560.jpg,,1
image_1464010622.jpg,,1
image_1464010684.jpg,,1
image_1464010746.jpg,,1
image_1464010809.jpg,,1
image_1464010871.jpg,,1
image_1464010933.jpg,,1
image_1464010995.jpg,,1
image_1464011057.jpg,,1
image_1464011119.jpg,,1
image_1464011182.jpg,,1
image_1464011244.jpg,,1
image_1464011306.jpg,,1
image_1464011368.jpg,,1
image_1464011430.jpg,,1
image_1464011493.jpg,,1
image_1464011555.jpg,,1
image_1464011617.jpg,,1
image_1464011679.jpg,,1
image_1464011741.jpg,,1
image_1464011803.jpg,,1
image_1464011866.jpg,,1
image_1464011928.jpg,,1
image_1464011990.jpg,,1
image_1464012052.jpg,,1
image_1464012114.jpg,,1
image_1464012177.jpg,,1
image_1464012239.jpg,,1
image_1464012301.jpg,,1
image_1464012363.jpg,,1
image_1464012425.jpg,,1
image_1464012487.jpg,,1
image_1464012550.jpg,,1
image_1464012612.jpg,,1
image_1464012674.jpg,,1
image_1464012736.jpg,,1
image_1464012798.jpg,,1
image_1464012860.jpg,,1
image_1464012923.jpg,,1
image_1464012985.jpg,,1
image_1464013047.jpg,,1
image_1464013109.jpg,,1
image_1464013171.jpg,,1
image_1464013233.jpg,,1
image_1464013296.jpg,,1
image_1464013358.jpg,,1
image_1464013420.jpg,,1
image_1464013482.jpg,,1
image_1464013544.jpg,,1
image_1464013606.jpg,,1
image_1464013669.jpg,,1
image_1464013731.jpg,,1
image_1464013793.jpg,,1
image_1464013855.jpg,,1
image_1464013918.jpg,,1
image_1464013980.jpg,,1
image_1464014042.jpg,,1
image_1464014104.jpg,,1
image_1464014166.jpg,,1
image_1464014228.jpg,,1
image_1464014291.jpg,,1
image_1464014353.jpg,,1
image_1464014415.jpg,,1
image_1464014477.jpg,,1
image_1464014539.jpg,,1
image_1464014602.jpg,,1
image_1464014664.jpg,,1
image_1464014726.jpg,,1
image_1464014788.jpg,,1
image_1464014850.jpg,,1
image_1464014912.jpg,,1
image_1464014975.jpg,,1
image_1464015037.jpg,,1
image_1464015099.jpg,,1
image_1464015161.jpg,,1
image_1464015223.jpg,,1
image_1464015286.jpg,,1
image_1464015348.jpg,,1
image_1464015410.jpg,,1
image_1464015472.jpg,,1
image_1464015534.jpg,,1
image_1464015596.jpg,,1
image_1464015658.jpg,,1
image_1464015721.jpg,,1
image_1464015783.jpg,,1
image_1464015845.jpg,,1
image_1464015907.jpg,,1
image_1464015969.jpg,,1
image_1464016031.jpg,,1
image_1464016094.jpg,,1
image_1464016156.jpg,,1
image_1464016218.jpg,,1
image_1464016280.jpg,,1
image_1464016342.jpg,,1
image_1464016404.jpg,,1
image_1464016467.jpg,,1
image_1464016529.jpg,,1
image_1464016591.jpg,,1
image_1464016653.jpg,,1
image_1464016715.jpg,,1
image_1464016777.jpg,,1
image_1464016840.jpg,,1
image_1464016902.jpg,,1
image_1464016964.jpg,,1
image_1464017026.jpg,,1
image_1464017088.jpg,,1
image_1464017150.jpg,,1
image_1464017213.jpg,,1
image_1464017275.jpg,,1
image_1464017337.jpg,,1
image_1464017399.jpg,,1
image_1464017461.jpg,,1
image_1464017523.jpg,,1
image_1464017586.jpg,,1
image_1464017648.jpg,,1
image_1464017711.jpg,,1
image_1464017773.jpg,,1
image_1464017835.jpg,,1
image_1464017897.jpg,,1
image_1464017959.jpg,,1
image_1464018022.jpg,,1
image_1464018084.jpg,,1
image_1464018146.jpg,,1
image_1464018208.jpg,,1
image_1464018270.jpg,,1
image_1464018332.jpg,,1
image_1464018395.jpg,,1
image_1464018457.jpg,,1
image_1464018519.jpg,,1
image_1464018581.jpg,,1
image_1464018643.jpg,,1
image_1464018705.jpg,,1
image_1464018768.jpg,,1
image_1464018830.jpg,,1
image_1464018892.jpg,,1
image_1464018954.jpg,,1
image_1464019016.jpg,,1
image_1464019078.jpg,,1
image_1464019140.jpg,,1
image_1464019203.jpg,,1
image_1464019265.jpg,,1
image_1464019327.jpg,,1
image_1464019389.jpg,,1
image_1464019451.jpg,,1
image_1464019513.jpg,,1
image_1464019576.jpg,,1
image_1464019638.jpg,,1
image_1464019700.jpg,,1
image_1464019762.jpg,,1
image_1464019824.jpg,,1
image_1464019886.jpg,,1
image_1464019948.jpg,,1
image_1464020011.jpg,,1
image_1464020073.jpg,,1
image_1464020135.jpg,,1
image_1464020197.jpg,,1
image_1464020259.jpg,,1
image_1464020321.jpg,,1
image_1464020383.jpg,,1
image_1464020446.jpg,,1
image_1464020508.jpg,,1
image_1464020570.jpg,,1
image_1464020632.jpg,,1
image_1464020694.jpg,,1
image_1464020757.jpg,,1
image_1464020819.jpg,,1
image_1464020881.jpg,,1
image_1464020943.jpg,,1
image_1464021005.jpg,,1
image_1464021067.jpg,,1
image_1464021129.jpg,,1
image_1464021192.jpg,,1
image_1464021254.jpg,,1
image_1464021316.jpg,,1
image_1464021378.jpg,,1
image_1464021440.jpg,,1
image_1464021502.jpg,,1
image_1464021565.jpg,,1
image_1464021627.jpg,,1
image_1464021689.jpg,,1
image_1464021751.jpg,,1
image_1464021813.jpg,,1
image_1464021875.jpg,,1
image_1464021938.jpg,,1
image_1464022000.jpg,,1
image_1464022062.jpg,,1
image_1464022124.jpg,,1
image_1464022186.jpg,,1
image_1464022248.jpg,,1
image_1464022310.jpg,,1
image_1464022373.jpg,,1
image_1464022435.jpg,,1
image_1464022497.jpg,,1
image_1464022559.jpg,,1
image_1464022621.jpg,,1
image_1464022683.jpg,,1
image_1464022746.jpg,,1
image_1464022808.jpg,,1
image_1464022870.jpg,,1
image_1464022932.jpg,,1
image_1464022994.jpg,,1
image_1464023056.jpg,,1
image_1464023118.jpg,,1
image_1464023181.jpg,,1
image_1464023243.jpg,,1
image_1464023305.jpg,,1
image_1464023367.jpg,,1
image_1464023429.jpg,,1
image_1464023491.jpg,,1
image_1464023553.jpg,,1
image_1464023616.jpg,,1
image_1464023678.jpg,,1
image_1464023740.jpg,,1
image_1464023802.jpg,,1
image_1464023864.jpg,,1
image_1464023926.jpg,,1
image_1464023988.jpg,,1
image_1464024051.jpg,,1
image_1464024113.jpg,,1
image_1464024175.jpg,,1
image_1464024237.jpg,,1
image_1464024299.jpg,,1
image_1464024361.jpg,,1
image_1464024423.jpg,,1
image_1464024486.jpg,,1
image_1464024548.jpg,,1
image_1464024610.jpg,,1
image_1464024672.jpg,,1
image_1464024734.jpg,,1
image_1464024796.jpg,,1
image_1464024859.jpg,,1
image_1464024921.jpg,,1
image_1464024983.jpg,,1
image_1464025045.jpg,,1
image_1464025107.jpg,,1
image_1464025169.jpg,,1
image_1464025231.jpg,,1
image_1464025294.jpg,,1
image_1464025356.jpg,,1
image_1464025418.jpg,,1
image_1464025480.jpg,,1
image_1464025542.jpg,,1
image_1464025604.jpg,,1
image_1464025667.jpg,,1
image_1464025729.jpg,,1
image_1464025791.jpg,,1
image_1464025853.jpg,,1
image_1464025915.jpg,,1
image_1464025977.jpg,,1
image_1464026040.jpg,,1
image_1464026102.jpg,,1
image_1464026164.jpg,,1
image_1464026226.jpg,,1
image_1464026288.jpg,,1
image_1464026350.jpg,,1
image_1464026413.jpg,,1
image_1464026475.jpg,,1
image_1464026537.jpg,,1
image_1464026599.jpg,,1
image_1464026661.jpg,,1
image_1464026723.jpg,,1
image_1464026786.jpg,,1
image_1464026848.jpg,,1
image_1464026910.jpg,,1
image_1464026972.jpg,,1
image_1464027034.jpg,,1
image_1464027096.jpg,,1
image_1464027158.jpg,,1
image_1464027221.jpg,,1
image_1464027283.jpg,,1
image_1464027345.jpg,,1
image_1464027407.jpg,,1
image_1464027469.jpg,,1
image_1464027531.jpg,,1
image_1464027594.jpg,,1
image_1464027656.jpg,,1
image_1464027718.jpg,,1
image_1464027780.jpg,,1
image_1464027842.jpg,,1
image_1464027905.jpg,,1
image_1464027967.jpg,,1
image_1464028029.jpg,,1
image_1464028092.jpg,,1
image_1464028154.jpg,,1
image_1464028216.jpg,,1
image_1464028278.jpg,,1
image_1464028340.jpg,,1
image_1464028403.jpg,,1
image_1464028465.jpg,,1
image_1464028527.jpg,,1
image_1464028589.jpg,,1
image_1464028651.jpg,,1
image_1464028713.jpg,,1
image_1464028775.jpg,,1
image_1464028838.jpg,,1
image_1464028900.jpg,,1
image_1464028962.jpg,,1
image_1464029024.jpg,,1
image_1464029086.jpg,,1
image_1464029148.jpg,,1
image_1464029211.jpg,,1
image_1464029273.jpg,,1
image_1464029335.jpg,,1
image_1464029397.jpg,,1
image_1464029459.jpg,,1
image_1464029521.jpg,,1
image_1464029584.jpg,,1
image_1464029646.jpg,,1
image_1464029708.jpg,,1
image_1464029770.jpg,,1
image_1464029832.jpg,,1
image_1464029894.jpg,,1
image_1464029956.jpg,,1
image_1464030019.jpg,,1
image_1464030081.jpg,,1
image_1464030143.jpg,,1
image_1464030205.jpg,,1
image_1464030267.jpg,,1
image_1464030329.jpg,,1
image_1464030392.jpg,,1
image_1464030454.jpg,,1
image_1464030516.jpg,,1
image_1464030578.jpg,,1
image_1464030640.jpg,,1
image_1464030702.jpg,,1
image_1464030765.jpg,,1
image_1464030827.jpg,,1
image_1464030889.jpg,,1
image_1464030951.jpg,,1
image_1464031013.jpg,,1
image_1464031075.jpg,,1
image_1464031138.jpg,,1
image_1464031200.jpg,,1
image_1464031263.jpg,,1
image_1464031325.jpg,,1
image_1464031387.jpg,,1
image_1464031450.jpg,,1
image_1464031512.jpg,,1
image_1464031574.jpg,,1
image_1464031636.jpg,,1
image_1464031698.jpg,,1
image_1464031760.jpg,,1
image_1464031823.jpg,,1
image_1464031885.jpg,,1
image_1464031947.jpg,,1
image_1464032009.jpg,,1
image_1464032071.jpg,,1
image_1464032133.jpg,,1
image_1464032196.jpg,,1
image_1464032258.jpg,,1
image_1464032320.jpg,,1
image_1464032382.jpg,,1
image_1464032444.jpg,,1
image_1464032506.jpg,,1
image_1464032569.jpg,,1
image_1464032631.jpg,,1
image_1464032693.jpg,,1
image_1464032755.jpg,,1
image_1464032817.jpg,,1
image_1464032879.jpg,,1
image_1464032942.jpg,,1
image_1464033004.jpg,,1
image_1464033066.jpg,,1
image_1464033128.jpg,,1
image_1464033190.jpg,,1
image_1464033252.jpg,,1
image_1464033315.jpg,,1
image_1464033377.jpg,,1
image_1464033439.jpg,,1
image_1464033501.jpg,,1
image_1464033563.jpg,,1
image_1464033626.jpg,,1
image_1464033688.jpg,,1
image_1464033750.jpg,,1
image_1464033812.jpg,,1
image_1464033874.jpg,,1
image_1464033936.jpg,,1
image_1464033998.jpg,,1
image_1464034061.jpg,,1
image_1464034123.jpg,,1
image_1464034185.jpg,,1
image_1464034247.jpg,,1
image_1464034309.jpg,,1
image_1464034371.jpg,,1
image_1464034434.jpg,,1
image_1464034496.jpg,,1
image_1464034558.jpg,,1
image_1464034620.jpg,,1
image_1464034682.jpg,,1
image_1464034745.jpg,,1
image_1464034807.jpg,,1
image_1464034869.jpg,,1
image_1464034931.jpg,,1
image_1464034993.jpg,,1
image_1464035055.jpg,,1
image_1464035117.jpg,,1
image_1464035180.jpg,,1
image_1464035242.jpg,,1
image_1464035304.jpg,,1
image_1464035366.jpg,,1
image_1464035428.jpg,,1
image_1464035490.jpg,,1
image_1464035552.jpg,,1
image_1464035615.jpg,,1
image_1464035677.jpg,,1
image_1464035739.jpg,,1
image_1464035801.jpg,,1
image_1464035863.jpg,,1
image_1464035925.jpg,,1
image_1464035987.jpg,,1
image_1464036050.jpg,,1
image_1464036112.jpg,,1
image_1464036174.jpg,,1
image_1464036236.jpg,,1
image_1464036298.jpg,,1
image_1464036360.jpg,,1
image_1464036423.jpg,,1
image_1464036485.jpg,,1
image_1464036547.jpg,,1
image_1464036609.jpg,,1
image_1464036671.jpg,,1
image_1464036733.jpg,,1
image_1464036796.jpg,,1
image_1464036858.jpg,,1
image_1464036920.jpg,,1
image_1464036982.jpg,,1
image_1464037044.jpg,,1
image_1464037106.jpg,,1
image_1464037168.jpg,,1
image_1464037231.jpg,,1
image_1464037293.jpg,,1
image_1464037355.jpg,,1
image_1464037418.jpg,,1
image_1464037481.jpg,,1
image_1464037543.jpg,,1
image_1464037605.jpg,,1
image_1464037667.jpg,,1
image_1464037729.jpg,,1
image_1464037791.jpg,,1
image_1464037853.jpg,,1
image_1464037916.jpg,,1
image_1464037978.jpg,,1
image_1464038040.jpg,,1
image_1464038102.jpg,,1
image_1464038164.jpg,,1
image_1464038226.jpg,,1
image_1464038288.jpg,,1
image_1464038351.jpg,,1
image_1464038413.jpg,,1
image_1464038475.jpg,,1
image_1464038537.jpg,,1
image_1464038599.jpg,,1
image_1464038661.jpg,,1
image_1464038723.jpg,,1
image_1464038786.jpg,,1
image_1464038848.jpg,,1
image_1464038910.jpg,,1
image_1464038972.jpg,,1
image_1464039034.jpg,,1
image_1464039096.jpg,,1
image_1464039159.jpg,,1
image_1464039221.jpg,,1
image_1464039283.jpg,,1
image_1464039345.jpg,,1
image_1464039407.jpg,,1
image_1464039469.jpg,,1
image_1464039531.jpg,,1
image_1464039594.jpg,,1
image_1464039656.jpg,,1
image_1464039718.jpg,,1
image_1464039780.jpg,,1
image_1464039842.jpg,,1
image_1464039904.jpg,,1
image_1464039966.jpg,,1
image_1464040029.jpg,,1
image_1464040091.jpg,,1
image_1464040153.jpg,,1
image_1464040215.jpg,,1
image_1464040277.jpg,,1
image_1464040339.jpg,,1
image_1464040401.jpg,,1
image_1464040464.jpg,,1
image_1464040526.jpg,,1
image_1464040588.jpg,,1
image_1464040650.jpg,,1
image_1464040712.jpg,,1
image_1464040774.jpg,,1
image_1464040836.jpg,,1
image_1464040899.jpg,,1
image_1464040961.jpg,,1
image_1464041023.jpg,,1
image_1464041085.jpg,,1
image_1464041147.jpg,,1
image_1464041209.jpg,,1
image_1464041272.jpg,,1
image_1464041334.jpg,,1
image_1464041396.jpg,,1
image_1464041458.jpg,,1
image_1464041520.jpg,,1
image_1464041582.jpg,,1
image_1464041645.jpg,,1
image_1464041707.jpg,,1
image_1464041769.jpg,,1
image_1464041831.jpg,,1
image_1464041893.jpg,,1
image_1464041955.jpg,,1
image_1464042017.jpg,,1
image_1464042080.jpg,,1
image_1464042142.jpg,,1
image_1464042204.jpg,,1
image_1464042266.jpg,,1
image_1464042328.jpg,,1
image_1464042390.jpg,,1
image_1464042453.jpg,,1
image_1464042515.jpg,,1
image_1464042577.jpg,,1
image_1464042640.jpg,,1
image_1464042702.jpg,,1
image_1464042764.jpg,,1
image_1464042826.jpg,,1
image_1464042888.jpg,,1
image_1464042950.jpg,,1
image_1464043012.jpg,,1
image_1464043075.jpg,,1
image_1464043137.jpg,,1
image_1464043199.jpg,,1
image_1464043261.jpg,,1
image_1464043323.jpg,,1
image_1464043386.jpg,,1
image_1464043448.jpg,,1
image_1464043510.jpg,,1
image_1464043572.jpg,,1
image_1464043634.jpg,,1
image_1464043696.jpg,,1
image_1464043759.jpg,,1
image_1464043821.jpg,,1
image_1464043883.jpg,,1
image_1464043945.jpg,,1
image_1464044007.jpg,,1
image_1464044069.jpg,,1
image_1464044132.jpg,,1
image_1464044194.jpg,,1
image_1464044256.jpg,,1
image_1464044318.jpg,,1
image_1464044380.jpg,,1
image_1464044442.jpg,,1
image_1464044505.jpg,,1
image_1464044567.jpg,,1
image_1464044629.jpg,,1
image_1464044691.jpg,,1
image_1464044753.jpg,,1
image_1464044815.jpg,,1
image_1464044878.jpg,,1
image_1464044940.jpg,,1
image_1464045002.jpg,,1
image_1464045064.jpg,,1
image_1464045126.jpg,,1
image_1464045188.jpg,,1
image_1464045251.jpg,,1
image_1464045313.jpg,,1
image_1464045375.jpg,,1
image_1464045437.jpg,,1
image_1464045499.jpg,,1
image_1464045561.jpg,,1
image_1464045624.jpg,,1
image_1464045686.jpg,,1
image_1464045748.jpg,,1
image_1464045810.jpg,,1
image_1464045872.jpg,,1
image_1464045935.jpg,,1
image_1464045997.jpg,,1
image_1464046059.jpg,,1
image_1464046121.jpg,,1
image_1464046183.jpg,,1
image_1464046245.jpg,,1
image_1464046307.jpg,,1
image_1464046370.jpg,,1
image_1464046432.jpg,,1
image_1464046494.jpg,,1
image_1464046556.jpg,,1
image_1464046618.jpg,,1
image_1464046681.jpg,,1
image_1464046743.jpg,,1
image_1464046805.jpg,,1
image_1464046867.jpg,,1
image_1464046929.jpg,,1
image_1464046991.jpg,,1
image_1464047054.jpg,,1
image_1464047116.jpg,,1
image_1464047178.jpg,,1
image_1464047240.jpg,,1
image_1464047302.jpg,,1
image_1464047364.jpg,,1
image_1464047427.jpg,,1
image_1464047489.jpg,,1
image_1464047551.jpg,,1
image_1464047613.jpg,,1
image_1464047675.jpg,,1
image_1464047737.jpg,,1
image_1464047800.jpg,,1
image_1464047862.jpg,,1
image_1464047924.jpg,,1
image_1464047986.jpg,,1
image_1464048048.jpg,,1
image_1464048110.jpg,,1
image_1464048173.jpg,,1
image_1464048235.jpg,,1
image_1464048297.jpg,,1
image_1464048359.jpg,,1
image_1464048421.jpg,,1
image_1464048484.jpg,,1
image_1464048546.jpg,,1
image_1464048608.jpg,,1
image_1464048670.jpg,,1
image_1464048732.jpg,,1
image_1464048795.jpg,,1
image_1464048857.jpg,,1
image_1464048919.jpg,,1
image_1464048981.jpg,,1
image_1464049043.jpg,,1
image_1464049105.jpg,,1
image_1464049168.jpg,,1
image_1464049230.jpg,,1
image_1464049293.jpg,,1
image_1464049355.jpg,,1
image_1464049417.jpg,,1
image_1464049479.jpg,,1
image_1464049541.jpg,,1
image_1464049603.jpg,,1
image_1464049666.jpg,,1
image_1464049728.jpg,,1
image_1464049790.jpg,,1
image_1464049852.jpg,,1
image_1464049914.jpg,,1
image_1464049976.jpg,,1
image_1464050039.jpg,,1
image_1464050101.jpg,,1
image_1464050163.jpg,,1
image_1464050225.jpg,,1
image_1464050287.jpg,,1
image_1464050350.jpg,,1
image_1464050412.jpg,,1
image_1464050474.jpg,,1
image_1464050536.jpg,,1
image_1464050598.jpg,,1
image_1464050660.jpg,,1
image_1464050723.jpg,,1
image_1464050785.jpg,,1
image_1464050847.jpg,,1
image_1464050909.jpg,,1
image_1464050972.jpg,,1
image_1464051034.jpg,,1
image_1464051096.jpg,,1
image_1464051158.jpg,,1
image_1464051221.jpg,,1
image_1464051283.jpg,,1
image_1464051345.jpg,,1
image_1464051407.jpg,,1
image_1464051469.jpg,,1
image_1464051532.jpg,,1
image_1464051594.jpg,,1
image_1464051656.jpg,,1
image_1464051718.jpg,,1
image_1464051780.jpg,,1
image_1464051843.jpg,,1
image_1464051905.jpg,,1
image_1464051967.jpg,,1
image_1464052029.jpg,,1
image_1464052091.jpg,,1
image_1464052153.jpg,,1
image_1464052216.jpg,,1
image_1464052278.jpg,,1
image_1464052340.jpg,,1
image_1464052403.jpg,,1
image_1464052465.jpg,,1
image_1464052527.jpg,,1
image_1464052589.jpg,,1
image_1464052652.jpg,,1
image_1464052714.jpg,,1
image_1464052777.jpg,,1
image_1464052839.jpg,,1
image_1464052902.jpg,,1
image_1464052964.jpg,,1
image_1464053026.jpg,,1
image_1464053088.jpg,,1
image_1464053150.jpg,,1
image_1464053213.jpg,,1
image_1464053275.jpg,,1
image_1464053337.jpg,,1
image_1464053399.jpg,,1
image_1464053461.jpg,,1
image_1464053524.jpg,,1
image_1464053586.jpg,,1
image_1464053648.jpg,,1
image_1464053710.jpg,,1
image_1464053773.jpg,,1
image_1464053835.jpg,,1
image_1464053897.jpg,,1
image_1464053959.jpg,,1
image_1464054021.jpg,,1
image_1464054084.jpg,,1
image_1464054146.jpg,,1
image_1464054209.jpg,,1
image_1464054271.jpg,,1
image_1464054333.jpg,,1
image_1464054396.jpg,,1
image_1464054458.jpg,,1
image_1464054521.jpg,,1
image_1464054583.jpg,,1
image_1464054645.jpg,,1
image_1464054708.jpg,,1
image_1464054770.jpg,,1
image_1464054833.jpg,,1
image_1464054895.jpg,,1
image_1464054958.jpg,,1
image_1464055021.jpg,,1
image_1464055084.jpg,,1
image_1464055147.jpg,,1
image_1464055209.jpg,,1
image_1464055272.jpg,,1
image_1464055335.jpg,,1
image_1464055398.jpg,,1
image_1464055461.jpg,,1
image_1464055524.jpg,,1
image_1464055587.jpg,,1
image_1464055650.jpg,,1
image_1464055713.jpg,,1
image_1464055776.jpg,,1
image_1464055839.jpg,,1
image_1464055902.jpg,,1
image_1464055965.jpg,,1
image_1464056028.jpg,,1
image_1464056090.jpg,,1
image_1464056153.jpg,,1
image_1464056216.jpg,,1
image_1464056279.jpg,,1
image_1464056342.jpg,,1
image_1464056405.jpg,,1
image_1464056468.jpg,,1
image_1464056531.jpg,,1
image_1464056594.jpg,,1
image_1464056657.jpg,,1
image_1464056720.jpg,,1
image_1464056783.jpg,,1
image_1464056846.jpg,,1
image_1464056909.jpg,,1
image_1464056972.jpg,,1
image_1464057035.jpg,,1
image_1464057098.jpg,,1
image_1464057161.jpg,,1
image_1464057223.jpg,,1
image_1464057286.jpg,,1
image_1464057349.jpg,,1
image_1464057412.jpg,,1
image_1464057475.jpg,,1
image_1464057538.jpg,,1
image_1464057601.jpg,,1
image_1464057664.jpg,,1
image_1464057727.jpg,,1
image_1464057790.jpg,,1
image_1464057853.jpg,,1
image_1464057916.jpg,,1
image_1464057979.jpg,,1
image_1464058042.jpg,,1
image_1464058104.jpg,,1
image_1464058167.jpg,,1
image_1464058230.jpg,,1
image_1464058293.jpg,,1
image_1464058356.jpg,,1
image_1464058419.jpg,,1
image_1464058482.jpg,,1
image_1464058545.jpg,,1
image_1464058608.jpg,,1
image_1464058671.jpg,,1
image_1464058733.jpg,,1
image_1464058796.jpg,,1
image_1464058859.jpg,,1
image_1464058922.jpg,,1
image_1464058985.jpg,,1
image_1464059048.jpg,,1
image_1464059111.jpg,,1
image_1464059174.jpg,,1
image_1464059237.jpg,,1
image_1464059300.jpg,,1
image_1464059363.jpg,,1
image_1464059426.jpg,,1
image_1464059488.jpg,,1
image_1464059551.jpg,,1
image_1464059614.jpg,,1
image_1464059677.jpg,,1
image_1464059740.jpg,,1
image_1464059803.jpg,,1
image_1464059866.jpg,,1
image_1464059929.jpg,,1
image_1464059992.jpg,,1
image_1464060055.jpg,,1
image_1464060118.jpg,,1
image_1464060181.jpg,,1
image_1464060244.jpg,,1
image_1464060307.jpg,,1
image_1464060370.jpg,,1
image_1464060433.jpg,,1
image_1464060496.jpg,,1
image_1464060558.jpg,,1
image_1464060621.jpg,,1
image_1464060684.jpg,,1
image_1464060747.jpg,,1
image_1464060810.jpg,,1
image_1464060873.jpg,,1
image_1464060936.jpg,,1
image_1464060999.jpg,,1
image_1464061062.jpg,,1
image_1464061125.jpg,,1
image_1464061188.jpg,,1
image_1464061251.jpg,,1
image_1464061314.jpg,,1
image_1464061377.jpg,,1
image_1464061439.jpg,,1
image_1464061502.jpg,,1
image_1464061565.jpg,,1
image_1464061628.jpg,,1
image_1464061691.jpg,,1
image_1464061754.jpg,,1
image_1464061817.jpg,,1
image_1464061880.jpg,,1
image_1464061943.jpg,,1
image_1464062006.jpg,,1
image_1464062069.jpg,,1
image_1464062131.jpg,,1
image_1464062194.jpg,,1
image_1464062257.jpg,,1
image_1464062320.jpg,,1
image_1464062383.jpg,,1
image_1464062446.jpg,,1
image_1464062509.jpg,,1
image_1464062572.jpg,,1
image_1464062635.jpg,,1
image_1464062698.jpg,,1
image_1464062761.jpg,,1
image_1464062823.jpg,,1
image_1464062886.jpg,,1
image_1464062949.jpg,,1
image_1464063012.jpg,,1
image_1464063075.jpg,,1
image_1464063138.jpg,,1
image_1464063201.jpg,,1
image_1464063264.jpg,,1
image_1464063327.jpg,,1
image_1464063390.jpg,,1
image_1464063453.jpg,,1
image_1464063515.jpg,,1
image_1464063578.jpg,,1
image_1464063641.jpg,,1
image_1464063704.jpg,,1